duration,protocol_type,service,flag,src_bytes,dst_bytes,land,wrong_fragment,urgent,hot,num_failed_logins,logged_in,num_compromised,root_shell,su_attempted,num_root,num_file_creations,num_shells,num_access_files,num_outbound_cmds,is_host_login,is_guest_login,count,srv_count,serror_rate,srv_serror_rate,rerror_rate,srv_rerror_rate,same_srv_rate,diff_srv_rate,srv_diff_host_rate,dst_host_count,dst_host_srv_count,dst_host_same_srv_rate,dst_host_diff_srv_rate,dst_host_same_src_port_rate,dst_host_srv_diff_host_rate,dst_host_serror_rate,dst_host_srv_serror_rate,dst_host_rerror_rate,dst_host_srv_rerror_rate,predicted_label,confidence
95.63999964218762,tcp,dhcp,RSTO,533528,594969,0,2,7,1,1,1,5,1,1,0,5,2,6,0,1,1,98,26,0.9083448230888411,0.5063257695517098,0.9619814381359324,0.15302837031918592,0.36695598195387935,0.46264919832030693,0.24815541483901526,34,45,0.1756220188666514,0.2324800977604754,0.12052479153172291,0.6377916177861089,0.46658170875460037,0.015343841162496874,0.48942836314959615,0.735442271053718,loadmodule,0.063861564
27.856863531077614,udp,other,SH,541640,67573,0,2,2,3,2,0,0,0,1,4,3,5,3,0,0,0,58,12,0.8195099440262089,0.832656697028964,0.9868565689474974,0.9622980440560401,0.3269908638664729,0.832141909713577,0.363168653911078,96,12,0.13389642477720354,0.5446091171050679,0.611956997756087,0.8936812082404594,0.7629399191490562,0.978782244223273,0.7062269801569351,0.9308778906284885,loadmodule,0.06400576
10.566070453220021,tcp,other,RSTO,715143,151486,0,3,4,0,4,0,7,0,1,0,5,3,3,0,0,0,78,49,0.5511591067450079,0.033556764211823076,0.30200450898770137,0.6703958222193179,0.9889987937963552,0.2710116410029969,0.6999585777312146,11,81,0.05700914622368025,0.5928669865677015,0.41524185372927647,0.8662948030163939,0.7778472821729908,0.009548322450116054,0.42562991945179174,0.9367017301141705,loadmodule,0.064052105
27.758797123446076,udp,dns,S0,860870,618430,0,3,6,2,0,0,4,0,1,2,5,0,8,0,0,1,66,37,0.9683566675289144,0.49422812402957617,0.27766314503843736,0.6019216272242145,0.9338759811335217,0.25266775495303706,0.5280091550382415,164,78,0.5309339989038748,0.2846098137446299,0.4277440821490206,0.9991498542596388,0.007983312780972418,0.3539799603809167,0.35573403339402543,0.1221883389349302,loadmodule,0.06398946
8.993310864851978,tcp,ssh,RSTO,575297,380357,0,1,8,5,5,0,5,0,0,4,3,2,5,0,1,1,57,19,0.7982846573179758,0.5306278068661194,0.3727665048195222,0.5895857860725192,0.5702159161128182,0.27325424318562663,0.36329564019668126,114,63,0.34541953449236673,0.3970850742841421,0.7226519885865422,0.19911976632950013,0.36126073435625594,0.7328288320922818,0.8443297959702181,0.8734144267575741,loadmodule,0.063847736
27.72138789438544,tcp,other,RSTO,997845,611315,0,3,8,1,2,0,3,0,0,5,8,3,1,0,0,1,34,34,0.10218952558901395,0.5277961823091181,0.8292540288631649,0.6466130262338583,0.9094050843896184,0.7589528569725338,0.904226725714937,105,27,0.4942243445207142,0.448489799947133,0.9227929249520007,0.2773815520036085,0.38037740546508414,0.35308938291717074,0.017901197837511984,0.119166184477845,portsweep,0.06385878
46.27422363983178,udp,ssh,REJ,886588,584804,0,1,4,1,5,0,3,1,0,1,0,1,9,0,0,0,24,32,0.5101785808240531,0.5820914720490877,0.6015174672837059,0.9053060491807517,0.8001303641410704,0.49034774280022353,0.2408942567683665,177,2,0.6934429488660862,0.1644848339444056,0.9454683998361179,0.4088661202407122,0.5835201407719369,0.877656744576385,0.9339825235980342,0.13086156988732822,neptune,0.063677296
59.291057037333786,udp,ssh,SF,39328,465035,0,4,4,3,5,0,1,0,0,1,5,5,9,0,1,1,97,49,0.8955323901145974,0.9789810078533515,0.35272162203803237,0.5674567925321629,0.0708740193174674,0.6950134108637507,0.21561705218347627,134,8,0.30795673481838515,0.12586656491771842,0.20157964973159348,0.7138224442120642,0.30578549104459896,0.18132323728850974,0.2547103448580663,0.7860675904783453,loadmodule,0.063609295
63.058390761144715,udp,dns,RSTO,76648,823873,0,5,7,0,3,1,2,0,0,3,5,4,6,0,0,0,31,47,0.1336755891985545,0.4136193109028201,0.506775120582405,0.42029391691046813,0.010826363808281392,0.7762610595502799,0.4106209970115755,111,81,0.8155436901892567,0.3485265900999631,0.7611760665973889,0.41140310851697515,0.332242398275704,0.6777673563477985,0.6320053214292962,0.6989560469297235,loadmodule,0.063833065
41.91222241305476,udp,dns,OTH,458753,325513,0,1,8,1,2,0,2,0,0,0,0,0,9,0,1,0,84,21,0.5929248278671818,0.8613829590742869,0.9535656225192857,0.0010144808295408092,0.5850706499351717,0.9991917620357363,0.9317266545794588,89,20,0.677072309021453,0.27248983027758844,0.5379295445304573,0.956946833112735,0.3012662083470423,0.5837017060268598,0.8493321605683346,0.030639122609853464,loadmodule,0.063988134
37.910345347732196,udp,smtp,SH,488461,500049,0,5,0,1,4,0,9,0,1,3,10,1,2,0,1,1,80,47,0.2413047388867645,0.8623663396339943,0.9703710503421918,0.17773855890198664,0.6532329915222804,0.3453574531278292,0.037874165069688326,158,37,0.37585880745525213,0.33202387591732496,0.2820550594849567,0.5790068526111545,0.8730715254914101,0.23965842462042908,0.9451873830850684,0.2701405426998048,loadmodule,0.063765466
84.28046303119146,udp,http,S0,314105,990895,0,4,4,4,2,1,5,0,1,1,9,4,9,0,0,1,25,10,0.2288571109147609,0.9496048369378995,0.8378811276078106,0.1560094633849579,0.634143959922598,0.032274847505330495,0.8660262103740097,56,88,0.23811196018067748,0.06428256351844253,0.40662425836738414,0.7002434438776096,0.1218566103227976,0.8638698453045571,0.3684451636821038,0.2249843580361759,loadmodule,0.06376877
77.95342474645754,tcp,http,SF,669282,90880,0,0,2,0,3,1,6,0,0,3,5,5,6,0,0,0,21,22,0.5326679693499008,0.7712132397407282,0.5682923567625329,0.4543659242463228,0.5296213603664813,0.34970715120126583,0.8140417269210486,120,78,0.34066947925504887,0.39269083243941405,0.2929210203751248,0.07967283022147109,0.32378619319454105,0.7384353427706754,0.3767755393118678,0.41843321233614683,mscan,0.064086914
73.5827213966968,tcp,smtp,SH,607330,822441,0,4,9,2,0,0,8,0,0,0,5,2,9,0,0,1,45,48,0.17714447207679618,0.5204080091068234,0.10187283373287415,0.3966666548845207,0.27466644580229704,0.9008344291722138,0.4507533254167092,134,3,0.6078147263913471,0.018672849272798997,0.3224182463534627,0.5853450522761171,0.8137271368063831,0.9295497590112769,0.25038669431199345,0.6056955470764089,loadmodule,0.06417543
13.33590856668433,tcp,https,SH,829482,161844,0,3,1,1,5,1,10,0,1,5,3,2,0,0,0,1,100,50,0.8500126321405067,0.5568682339302427,0.8916777138978965,0.4089387400083354,0.3327275922543306,0.49250750578030034,0.0901143246810806,38,81,0.388053611123371,0.8138766564317128,0.137616639531987,0.6673665550315074,0.35162699832836597,0.6804224458202961,0.5952099649616407,0.8234373032896023,mscan,0.06379932
40.31931110594119,udp,dns,REJ,388151,825794,0,0,1,0,1,1,7,1,1,3,7,2,1,0,0,0,38,16,0.33864671900445276,0.04977916262209159,0.11316358686322159,0.6273261244124538,0.3010457138843001,0.5230658837599316,0.3005810223066431,39,46,0.18828891183405916,0.9335626547277401,0.44219459167854225,0.693418918334176,0.02242856676883964,0.039367183389032556,0.3884650015958898,0.25933227845535467,mscan,0.06375827
33.95510082620169,udp,dhcp,SH,256321,637372,0,1,5,5,5,1,5,1,1,1,7,5,10,0,0,0,67,34,0.15225887824841589,0.34237379543272217,0.2976806038921498,0.7484547026953218,0.9135973837074068,0.2337510529593826,0.851078570562297,195,34,0.7368288534948213,0.0869948384545497,0.6197424327205715,0.4319165889267055,0.7727212021590358,0.005964233076351633,0.014514283470198674,0.7666963081588892,mscan,0.063793086
54.13628305009287,udp,other,S0,878333,144587,0,0,9,2,2,0,1,1,1,3,8,3,5,0,1,1,85,43,0.658198300041265,0.6099806695135324,0.6579964876764812,0.33186462232689296,0.6615103073717316,0.3842577776271886,0.4416385382654495,60,36,0.0030345819139244723,0.4775242069157447,0.6365344178356378,0.49260690624828307,0.1278881405109813,0.04593395259560218,0.9098710842586643,0.034054151831452883,loadmodule,0.063835286
11.478553445973239,tcp,https,SH,476960,267530,0,1,5,1,2,0,7,1,1,1,1,0,7,0,0,0,24,32,0.19932173715236012,0.7003315642849494,0.6055642008969769,0.22300643371732964,0.39253493503514614,0.5023044260548256,0.8164390340795498,73,82,0.8485973730674705,0.5078407635887707,0.8201697273794306,0.39537050746581204,0.5198588969406973,0.13573976466064985,0.11842004660421468,0.2800902073240309,loadmodule,0.063905045
0.9375726331889878,udp,http,SH,912477,722538,0,2,9,3,4,0,9,0,1,5,5,3,2,0,1,1,62,2,0.7707955227361755,0.2209930560463701,0.6315102797653095,0.4120140109537115,0.3942043323021782,0.7154684194328534,0.4506671724462742,195,88,0.3727365422925064,0.3319175902362237,0.8224496595711035,0.837304089813761,0.7019671813472035,0.43846187366392786,0.44690357213276577,0.36092797385965625,mscan,0.06359319
35.11283038969303,udp,other,REJ,592107,178192,0,2,2,3,3,1,5,0,0,3,5,3,3,0,0,0,88,16,0.5051298029064641,0.16638902742871442,0.28223167571662267,0.9772241611605484,0.3813932343381613,0.8364827122849314,0.4326755897737127,164,30,0.5161523706893131,0.9956961693656387,0.21051629756045642,0.8486434391199251,0.0838087220309015,0.6677429522476611,0.8369053574115136,0.45578457015433094,mscan,0.06369261
35.89357408959788,udp,smtp,RSTO,180544,877624,0,2,4,2,2,0,4,0,1,2,6,4,0,0,1,0,67,44,0.0686611366852462,0.8130863783872045,0.5651682700131685,0.23567020585772525,0.011558445123210692,0.25603314046660064,0.9331533819474169,195,77,0.8830610797080474,0.8783075808633919,0.23017075635937723,0.6102944603999394,0.4169274449857401,0.8642655187440725,0.5697068303305616,0.9084961385515182,loadmodule,0.06385613
21.233311884494288,tcp,dhcp,SH,903979,481535,0,5,10,0,2,0,9,0,0,0,5,2,8,0,1,0,35,14,0.4263841219351979,0.167393881671701,0.8539730514766144,0.7343807475003412,0.2643364975246698,0.197289557853513,0.05832985101110211,160,94,0.15964112457436486,0.44488308402910315,0.21194126848237016,0.4665895710700724,0.6688240658117209,0.6376246318279908,0.4139267303875094,0.7559898775742092,loadmodule,0.06391994
82.37669610585053,tcp,dns,REJ,225399,103021,0,5,5,2,5,1,0,0,0,4,4,1,4,0,0,0,65,46,0.4940568815789643,0.024411941002939086,0.15632050415877796,0.8524350596150606,0.8739505502765694,0.7435992457626448,0.9095863400857253,177,24,0.2749136854387907,0.7302229177267996,0.3666103925707067,0.9376009561074571,0.8015767987057814,0.3448930116821902,0.15234955560358632,0.6699907364945765,loadmodule,0.06400609
45.184839983211646,tcp,dhcp,RSTO,863047,649124,0,5,1,3,5,1,0,1,1,0,2,3,0,0,1,1,21,14,0.549013042112698,0.9894255840060677,0.9375838538195035,0.1543916276921753,0.8783642561645785,0.9970628761378776,0.15122302537345778,49,44,0.9488029100056341,0.9325481820348259,0.05228730422428962,0.48011768434890123,0.012949014172262352,0.8736837252724107,0.6265515850494524,0.6644508525112911,loadmodule,0.06395302
11.324961052997685,udp,ssh,RSTO,126192,576065,0,4,5,5,0,0,9,0,0,3,1,0,4,0,0,0,70,7,0.5507898572678801,0.2651142192960114,0.8274701304566057,0.6640921957016794,0.5508851056721948,0.8104333842987337,0.6670516224438074,54,61,0.7683791940704338,0.5693883538914282,0.6475493542764782,0.9144092035654925,0.9543984369562309,0.056870731566413646,0.3401243833238293,0.16303799241003025,loadmodule,0.06402312
28.533809627436966,tcp,https,RSTO,986494,795376,0,4,2,2,1,0,2,1,1,0,1,3,10,0,1,0,56,20,0.43785724801316017,0.8751000252003226,0.6242933955079534,0.021121168126239875,0.9514472846048468,0.828016846049417,0.3178177135928981,148,63,0.34786180156173063,0.5610361100859915,0.3652363825416852,0.6216737529597248,0.5332827339703556,0.754073504016719,0.7025783566125727,0.22440947593715332,loadmodule,0.06387528
94.74734695239314,tcp,ftp,OTH,596131,615721,0,3,2,2,1,0,8,0,1,4,9,2,10,0,1,0,16,40,0.4882899919311072,0.7586066630263794,0.48324778241648203,0.5522856450546877,0.7667230468996782,0.4693135679907434,0.1909161123270986,107,37,0.5613481735508401,0.7208469629834858,0.6043460445115534,0.666260391673489,0.9053520529620683,0.42071130111213373,0.9989124973041218,0.20565746931823903,loadmodule,0.063720524
65.43284081564852,tcp,other,SH,685874,688648,0,5,8,0,4,0,0,1,1,5,1,1,4,0,0,1,46,11,0.9060566345791531,0.11008175704013579,0.28346381389437325,0.5234800163965155,0.38144088421354494,0.8293790080591572,0.04875103030548822,166,49,0.3778957042510588,0.5506752469600169,0.3240527691759302,0.14360192612841138,0.4674092661269359,0.0971161648079738,0.5829388263694971,0.5933093971879784,loadmodule,0.063894264
82.37902080186666,udp,dhcp,SH,426348,979212,0,0,8,3,5,1,5,1,0,1,4,1,9,0,1,0,1,4,0.29236919003322737,0.8462641324854296,0.5180899400199843,0.08380402278133481,0.6025905004679925,0.22201503607509898,0.4167281492270596,158,60,0.8009872757998042,0.0429090542122067,0.626524649214557,0.3455694796953811,0.23396054570410363,0.3768779272008529,0.09301532391838285,0.24876076055293783,mscan,0.063915245
52.02034335156688,tcp,http,REJ,642940,702541,0,5,8,2,2,1,8,0,1,4,10,0,5,0,1,1,54,17,0.3038416947548064,0.30611914021061815,0.6098951585608426,0.5864546368983728,0.6346388236954498,0.3788843909450279,0.3350024726949463,92,69,0.23230242601713358,0.3653032576204478,0.7064249085611294,0.7534274820563541,0.43731076590993834,0.5571348239373234,0.5435934765716266,0.2698552283962,loadmodule,0.06372493
46.95992774748834,tcp,other,OTH,383763,38561,0,5,2,5,1,1,9,1,0,0,6,2,7,0,1,1,47,3,0.6844712701003226,0.08940833492332312,0.8679828800893755,0.02609401679306056,0.9423591339348802,0.6243361049710102,0.0014661266036324339,134,88,0.2674119695329118,0.12533739136633804,0.531702095848463,0.8118641344300047,0.6945209749220199,0.2670378043444084,0.9094716765013496,0.992577782129892,mscan,0.063972294
25.811116290496038,tcp,http,SF,956762,463842,0,5,2,4,3,1,4,0,0,2,1,3,3,0,1,0,66,16,0.05573245788308623,0.016132510803343658,0.46072890219266294,0.19432935183354394,0.21115839691874017,0.8235720893066047,0.5305823066718086,138,93,0.9800408759284926,0.5301011426180291,0.32791661654589765,0.29995758415429896,0.6560812515047229,0.6239739365942729,0.572198637264974,0.36614785288436447,mscan,0.06406166
38.464595720203775,tcp,dhcp,SH,861093,163960,0,2,7,3,0,1,3,0,1,3,5,5,0,0,0,1,58,27,0.9597924235144788,0.7820128714218244,0.42660117285964827,0.19648783527106473,0.5337573872123286,0.8204301851846343,0.11557683434924548,57,34,0.16071334743149734,0.32069380226365796,0.14442510566196254,0.2786082567707049,0.5207548758804957,0.47751243010809297,0.8204637155275909,0.5673986249252865,loadmodule,0.06382375
26.38694721213749,udp,smtp,SH,23717,823375,0,5,4,5,5,1,8,1,1,5,1,5,5,0,1,1,78,3,0.29972785708871164,0.16895679354948667,0.1519442349356579,0.2728192810091007,0.4213225209603071,0.6855435551918255,0.37364916251483216,120,26,0.8812789011494339,0.8559367456022058,0.6891948379023635,0.8698232807114606,0.8874127933065304,0.8185400040285463,0.3385449916786033,0.3323142363409214,mscan,0.06356802
56.5174956341576,tcp,dhcp,REJ,357453,815129,0,3,6,0,0,0,7,1,1,0,4,3,2,0,0,1,37,36,0.5082920126587311,0.13124316440830242,0.22946915990438133,0.8450557127804063,0.4850243517038765,0.7442677537096936,0.0179012597181315,91,69,0.3390218598554219,0.5158623844351853,0.5949812869740949,0.4778582646078263,0.07562849209451339,0.9391770362006873,0.9169254341990013,0.12110467889943055,loadmodule,0.064143255
43.17161574138761,tcp,ssh,REJ,701732,532345,0,5,4,0,1,1,10,1,0,2,4,5,7,0,0,1,78,23,0.006379163846090274,0.5647005967641593,0.9381589572486875,0.7844035440192441,0.381305783724852,0.6932442182158985,0.1033939015054548,14,89,0.32237203953458926,0.48548130986549887,0.5210670049175528,0.8630131822532255,0.5066138413555624,0.6085795363374769,0.8596247574455566,0.9630887384199278,loadmodule,0.0637551
74.26423292723673,tcp,other,SH,716505,489455,0,3,5,5,2,1,0,1,1,4,2,1,4,0,0,0,56,20,0.23202563411300814,0.011923855169039377,0.273494905446772,0.2623269157767466,0.5209217308665223,0.3658701227578899,0.8837416774219051,78,98,0.11033553908931004,0.6924231883862799,0.6384364808452674,0.6645294519102244,0.5004178095711757,0.11205873142829592,0.8968406969529447,0.7489925100879717,mscan,0.06383794
55.72500362934431,udp,other,OTH,703962,297174,0,1,9,5,4,0,6,1,0,4,10,4,8,0,1,1,87,32,0.0058621098199651556,0.3097596337942017,0.8577872663073239,0.9396234129764917,0.10010978750081234,0.7197185002817703,0.1770636357053923,33,74,0.8214457409128552,0.8807033498172984,0.8982708299624769,0.44814358392001374,0.5222948065379436,0.56391026051372,0.9634321240711474,0.3770694374108413,loadmodule,0.063787766
13.372856211943207,udp,ftp,RSTO,127301,472350,0,1,5,2,2,1,0,1,0,4,8,5,3,0,1,0,28,49,0.1492497731452943,0.1580111131876617,0.014194977634001904,0.7142545115122264,0.786912188927509,0.743609722938299,0.31834189535314406,35,25,0.24190816978532304,0.8740310289049307,0.2747425318516775,0.9461549632521965,0.22403066503132507,0.610100834445487,0.8126474900439729,0.38241774603494216,mscan,0.06365737
36.72225007044146,udp,smtp,SH,315349,893961,0,3,5,4,3,1,6,1,0,0,1,5,5,0,1,1,32,30,0.7195760259742402,0.3884647285843703,0.774726416315853,0.13277687685821438,0.6975707922865211,0.8711246326574165,0.9931020341451234,23,99,0.02833172919517224,0.33999951962491426,0.4975588430009745,0.17373305282778506,0.1865628783473181,0.03010523131234133,0.19669170716451723,0.5225773159196321,mscan,0.063740194
49.192510755799645,tcp,ssh,SF,481745,232012,0,5,2,3,3,0,4,0,1,5,4,5,2,0,0,0,38,21,0.8399119160207057,0.9087640604948396,0.5429208980583681,0.04452499416151612,0.15768699990096946,0.41249699217983526,0.8456969629424684,33,96,0.07035310566907538,0.6408740053084421,0.30398367188979336,0.8679944545988083,0.329150841510518,0.8715395771502735,0.023116806131250778,0.18213469738676136,loadmodule,0.06432685
48.18780207934055,udp,dns,SF,293358,118540,0,2,3,2,3,1,1,1,0,5,8,3,10,0,1,0,100,41,0.2424108651645942,0.7464410588707504,0.03676221420622261,0.7643239284872987,0.3461044790183814,0.44699578386972283,0.7748419655622749,121,33,0.3323086687616288,0.6446197210088611,0.6958912872873284,0.5310480089913634,0.8987645939496981,0.9220410316962836,0.4536304974796771,0.5584662069994248,loadmodule,0.06373528
29.954411070159914,udp,ssh,S0,471662,929497,0,4,4,2,0,1,9,0,0,1,7,0,3,0,1,0,69,30,0.36041102748854614,0.07534305940997965,0.2562842462849131,0.7586829059353181,0.4695355458522902,0.9445024124204154,0.006330135464525322,161,70,0.24366392141747306,0.16393994411863844,0.5927579239248154,0.27537992610710593,0.5576768363057106,0.05040764907671824,0.12834402245897136,0.4666745852287979,loadmodule,0.064039685
34.23881626961539,udp,ssh,REJ,230700,673423,0,4,10,3,4,0,4,1,0,5,10,0,6,0,1,1,2,10,0.9461075594258835,0.5943147507351123,0.7838742506963526,0.7001835809298924,0.4224134979883021,0.8402488318402334,0.45848053354147844,171,36,0.08317607487345169,0.17697631409728054,0.30901222252295535,0.5285120835582214,0.2312292247626736,0.024762849108953988,0.3068277010188798,0.35764238398426185,loadmodule,0.063684665
71.43343926079865,udp,dns,OTH,484520,710963,0,0,4,1,4,0,2,0,1,0,7,0,4,0,0,0,14,12,0.7454212900067038,0.008783947348930954,0.701262159171745,0.9946427495021354,0.5664109926554249,0.2269628960299146,0.5747207061366398,18,93,0.7849363900490013,0.7063767124473133,0.010908180138174517,0.563914005230423,0.33812645142757425,0.5558808854545771,0.9740850848530069,0.08072178697775867,loadmodule,0.06405976
72.71757279232551,tcp,ftp,REJ,983557,377207,0,0,5,2,3,1,9,1,1,3,7,4,7,0,1,1,76,38,0.7268781279380404,0.07327252186901845,0.971891525829,0.5614686044509651,0.18728138742356037,0.5276188820804044,0.2667540347683989,137,10,0.8822862522458859,0.9312162833617917,0.4820878937654134,0.20109158345047018,0.5384430257150535,0.935866402797513,0.2130280245754863,0.4356207719710531,loadmodule,0.06397232
38.96238593151025,udp,ssh,REJ,678121,28710,0,2,7,5,5,0,8,0,0,4,8,2,10,0,0,0,68,42,0.6857964958317341,0.5390891869236393,0.11345798740250312,0.8298292297240524,0.8451619013486674,0.7517218505000932,0.36071775479082346,192,76,0.21315304005339875,0.1565126610437596,0.3680461448345016,0.9956609372040486,0.09234316582704571,0.9443771583293902,0.7765794856307902,0.6084891603649872,loadmodule,0.06389552
54.953793136131615,udp,ftp,S0,444628,719617,0,0,8,0,2,1,8,1,0,2,1,1,9,0,0,1,22,45,0.2569912292823854,0.9844254775788013,0.5945654813528596,0.1056666121799994,0.5944659612901112,0.34729431865151994,0.13280580656676666,77,67,0.6611450423533468,0.8327727730551866,0.9242284417555151,0.8646896394746044,0.3783403347264974,0.37412339695722296,0.7265413388155819,0.35409463659595297,loadmodule,0.06371922
69.95828049715507,udp,smtp,SF,193437,318896,0,3,3,2,1,1,10,0,0,2,5,2,10,0,0,1,55,30,0.9622724537622311,0.4737383546601722,0.22025346687645397,0.6697165482915617,0.7115324231960661,0.273568163485156,0.8580363583433919,171,51,0.16773926183970767,0.15436971966118795,0.3625708881398315,0.32671984165381585,0.8727574504132783,0.5200843126187799,0.8088560584633752,0.4873735559196928,loadmodule,0.06376099
56.030276951545176,udp,ssh,OTH,346189,120596,0,1,9,1,5,0,10,1,0,5,2,2,7,0,0,0,51,11,0.5509618260246565,0.9760119518692233,0.7930006651289861,0.8531567167006255,0.8611031795018145,0.3086972215652495,0.632383514050421,121,6,0.6471629569713758,0.2524173685778812,0.418829963674049,0.8408001177049373,0.5861683524561963,0.083186704635268,0.010229652122294208,0.08590784460327994,loadmodule,0.06398983
87.25325000717736,tcp,other,REJ,29097,349550,0,5,7,5,1,1,4,1,0,4,5,5,9,0,0,0,88,46,0.7510147136452466,0.3312157634042533,0.894616869856099,0.4891174521192072,0.5741869340517246,0.7691281069965249,0.2664973607303932,93,49,0.6417437145143787,0.1728021217323924,0.718681461256139,0.8046710955224053,0.7832265225384688,0.3713402875531002,0.8094105551583146,0.7527294238369409,mscan,0.06369917
16.22316279226578,tcp,dhcp,RSTO,333338,127347,0,5,6,5,4,0,5,0,1,5,1,4,5,0,1,1,90,18,0.1287880500014843,0.23689422050213504,0.9139406305474024,0.6270711802069683,0.33810443061187845,0.7720889756613242,0.7438260735924456,31,84,0.10585880162870598,0.5486738092169261,0.9351311092088236,0.982966455256624,0.5050974333448621,0.4355478479729551,0.1980079120240198,0.5603377480455495,loadmodule,0.06404354
6.619834506878542,udp,https,RSTO,717699,571689,0,4,6,0,1,0,9,1,0,3,5,4,7,0,0,1,54,23,0.20595530443434162,0.8414047476606543,0.1496477030178145,0.1764091011213058,0.49324568951138714,0.9000542093019956,0.7207288827232653,97,88,0.840475128180902,0.27662155624651363,0.8461166976653897,0.6381890425789338,0.2391557413039056,0.3651161406432504,0.3798297095750204,0.2688018407684045,loadmodule,0.06344207
80.209698858334,tcp,ssh,SH,808682,71244,0,3,8,3,3,1,1,1,0,2,3,4,3,0,0,0,22,18,0.3939066560878476,0.15346717393709186,0.32439729781343973,0.1354844922699996,0.8737191613797654,0.5451318519042967,0.3559734027206659,61,84,0.5380995539428154,0.1574001793861879,0.44146123985957275,0.27777310282468715,0.5955967984678419,0.13283974234410212,0.3787263567232002,0.07451245883071067,mscan,0.06389178
84.51676557429033,tcp,smtp,REJ,88615,696229,0,4,4,3,3,0,2,1,0,2,9,1,10,0,0,0,71,48,0.7747248026349896,0.38644779901035253,0.03199648297400626,0.21377282047725832,0.20813359923678454,0.36103191704718285,0.9838959317573974,143,22,0.5328134342780028,0.5196828563164174,0.05841950887256453,0.4040708377936897,0.5012509359643078,0.3950275631846758,0.9004181679527159,0.4102246347679033,loadmodule,0.06394967
88.31844011638623,tcp,dhcp,OTH,861921,983979,0,2,2,3,3,1,5,1,1,0,3,3,6,0,1,1,34,36,0.6227261912952812,0.7506934278952678,0.6366815577878019,0.6561466687117262,0.9658911610534004,0.13344478437308405,0.3631655528488724,93,93,0.5014961492662564,0.6500022623544357,0.0035290128990213,0.015632476585177524,0.9124523934556383,0.3989031373279638,0.9913280358345913,0.9128946968010241,loadmodule,0.06388183
58.88912436997854,udp,ftp,SH,776046,567383,0,4,7,5,5,0,5,0,1,4,2,2,3,0,0,1,6,40,0.47959017704012785,0.7060122024099512,0.6238274541427759,0.6879399581261133,0.4915054112980477,0.014384621291497313,0.7815334792342088,9,29,0.8503959431975463,0.8059305938807064,0.7186038613201648,0.8820144826669126,0.40389079153990093,0.0709074766670228,0.8937023212375858,0.109565945285516,loadmodule,0.063579425
55.0918985057006,tcp,https,SF,723121,372802,0,3,2,4,2,1,0,1,0,5,8,0,7,0,1,0,51,12,0.06384201311778281,0.024619495113479606,0.005107393253720449,0.8099843688065224,0.00751075702804993,0.5219535300857494,0.03867690761923592,121,63,0.6553712712087502,0.691632813314099,0.10670889390623972,0.9783158817701237,0.32145495187660267,0.3066890192271998,0.7862592586270727,0.3088753982161887,mscan,0.064210206
35.12586332886223,tcp,dns,SH,369587,290829,0,2,4,4,5,1,10,1,0,4,2,4,4,0,0,1,31,42,0.9009868889509628,0.29418130056037917,0.8494211352747806,0.6680714642064774,0.2661958740095516,0.6134906386329079,0.30888709001914016,132,95,0.8175648478053181,0.1600284543241024,0.7239610555581018,0.8888500641836963,0.4458961854670429,0.9146690604293699,0.9060320272864966,0.8434922124551331,loadmodule,0.06410894
92.93886307424614,udp,dns,RSTO,653823,444852,0,2,2,3,1,1,10,0,0,3,7,1,3,0,0,0,97,18,0.676493601898316,0.04719826891120327,0.8621169536682732,0.05762979361678777,0.9348169998996915,0.2355150822576071,0.07561365674164011,112,86,0.5271258454956985,0.8465955510980925,0.368489642113188,0.43567916059954015,0.40161311468202787,0.10675155865833696,0.6049453790143579,0.14741024881926945,mscan,0.06384096
38.5446887136674,tcp,ftp,SH,544885,769923,0,2,4,4,5,0,2,1,0,5,1,0,5,0,1,0,85,26,0.1010962157748776,0.8598697283091925,0.2713372696471119,0.006356880459610692,0.7265617813133478,0.8968312847749957,0.4942274602526274,188,84,0.49251148344905127,0.8090486344948493,0.306462824514936,0.9837722489310455,0.6520562085202873,0.9846542790381821,0.7303661138880184,0.9148720155873074,loadmodule,0.06397065
25.258410839556454,tcp,other,SH,251429,126625,0,0,0,1,5,1,9,1,1,2,6,2,10,0,1,0,95,34,0.5018661946806076,0.045674785228296044,0.8030601162470425,0.5353001018288238,0.2546321469621299,0.6364092192071616,0.1017753473174342,193,58,0.9656253652415254,0.2510185195552659,0.45291081697848234,0.4177341946645914,0.28375472436171933,0.5741400967529842,0.5836938405667839,0.7518361611650103,mscan,0.06384285
20.763122136801904,tcp,http,REJ,13405,269609,0,0,0,0,0,1,8,0,1,5,0,5,1,0,0,0,13,20,0.5178868948049837,0.5412412769950739,0.2712180441350548,0.8991296483553998,0.13052412794910218,0.5476571170843577,0.2815413136400846,110,36,0.3978989767056603,0.7988183253290009,0.6362108030243838,0.3212267427537785,0.371610935964626,0.8965279551378258,0.8659395990605822,0.3036848576156759,mscan,0.064092435
75.48386960572195,udp,other,SF,986356,215240,0,2,4,4,2,0,8,0,1,1,1,2,7,0,1,0,32,27,0.31760763743926357,0.9418297070477749,0.18753187549400274,0.31557851166703155,0.9331190682113478,0.7273225265005555,0.9685799075507953,181,7,0.4399080147896256,0.030789491170642114,0.8052339692447568,0.6152981057728611,0.27549455605350515,0.650967619275672,0.009263809908669485,0.33874512744605556,mscan,0.06385638
47.85243276378449,tcp,http,S0,789688,14786,0,4,10,0,2,0,4,1,1,0,3,2,6,0,0,1,88,39,0.7043964406312327,0.5852886485125811,0.8980523630076583,0.8630099873283957,0.9868962497356296,0.5519061267208705,0.23911047208944491,73,3,0.2804805163744153,0.5281224162900454,0.5268713389580174,0.4247241801682664,0.08418643199550291,0.4695712991920714,0.8021597794372364,0.40138449603185045,loadmodule,0.0638554
83.6728807676272,udp,smtp,REJ,979666,241251,0,1,4,0,3,1,9,0,0,1,8,5,6,0,0,0,1,5,0.6495152699357847,0.9088958780869797,0.2514425646886448,0.9931140052443194,0.5994548489447399,0.957770841908682,0.8379768129323145,26,35,0.662760120670863,0.8577435007291926,0.4328885053291509,0.9234991860467597,0.40117326894623107,0.30622947830320424,0.5308488321962721,0.05090031640980697,loadmodule,0.063930504
55.04857600814829,udp,dhcp,SF,563419,474886,0,4,0,5,2,1,3,0,0,2,1,1,5,0,0,1,32,7,0.5968610127772318,0.8795786667228599,0.33608581256226655,0.9360824473990039,0.09963816210761178,0.8729798566815047,0.05002301795622999,48,5,0.5241709001624791,0.9140142953613265,0.8080519840087472,0.21827224670226564,0.4124270097821856,0.09971425327581707,0.9076055619066452,0.47489476056620117,loadmodule,0.064017944
19.38429660294032,udp,smtp,RSTO,568310,734240,0,2,9,2,5,1,0,1,0,4,7,4,4,0,1,1,16,23,0.7334516715660357,0.16006028355798307,0.5548493431545692,0.5282886940261676,0.06609620607261191,0.7794668947442075,0.108564936321639,43,44,0.8004600398654899,0.47979677193484704,0.19551296937190998,0.4060889741897643,0.45220230042944576,0.4866167867355141,0.7815097053530897,0.3728179810918556,mscan,0.06377882
69.42280462610803,udp,other,SH,547258,866187,0,0,9,1,1,1,2,0,0,0,4,2,9,0,1,1,99,22,0.07269976876361828,0.8385805378399405,0.5343541056009222,0.05325347389194157,0.24573043296692965,0.7940854050088411,0.824091124168533,132,22,0.13969890127159856,0.44681601754630895,0.6075533621535059,0.4266121073015009,0.6857867747212641,0.06669542503724213,0.3408160535457586,0.7823293832258563,loadmodule,0.063837074
21.189056195909828,tcp,ssh,REJ,124064,695457,0,3,9,0,5,1,7,1,1,4,8,2,10,0,0,0,33,23,0.3399995830304784,0.40821476507052046,0.027698013434069635,0.9444686398257605,0.4407455378988998,0.9460377621439751,0.93564135948937,32,95,0.24787245391335078,0.050740093724113255,0.6242207099262769,0.35179063269624133,0.33310134980380834,0.5579656673483421,0.4782751187904918,0.09868587073164481,loadmodule,0.06398965
77.92004258985344,udp,ftp,OTH,585444,401551,0,4,7,0,4,0,3,1,1,0,2,4,7,0,1,0,7,5,0.45523903504571683,0.5248696778592316,0.525477933535104,0.6833866638308286,0.8529585049219308,0.2630959944942063,0.37660923146106573,199,15,0.21258562735104125,0.18091877575443305,0.138066928625316,0.261992352556629,0.6380094322131371,0.006415658744484243,0.8699745409910286,0.33017617032366575,loadmodule,0.063775346
87.9393749094827,udp,http,REJ,565077,342297,0,0,5,0,1,0,1,1,1,4,1,0,8,0,1,1,38,26,0.9476701161435691,0.7014586700195636,0.22497316277151813,0.5992854545472929,0.8580887459327251,0.864320480472096,0.6364864263343633,161,36,0.3160252341738602,0.4444969735248918,0.520630969007422,0.623061756663291,0.5079511577641456,0.41698647373876296,0.5896890669052199,0.8179364867081366,loadmodule,0.06392376
21.275355877743696,udp,other,SH,832364,433465,0,4,2,5,0,1,0,1,1,2,6,5,2,0,1,0,86,37,0.022687864297947224,0.2975685259304872,0.6932597232281046,0.2086856502737665,0.10350124687766848,0.9117215672394214,0.6799743149716769,30,80,0.9865161797827295,0.9984091061138396,0.045075141285689346,0.09487819181385537,0.5554675121786552,0.39910964217205025,0.7185977383412377,0.8855840948502416,mscan,0.063769765
41.43695326382316,udp,dns,S0,181344,707149,0,5,7,2,1,0,7,1,1,1,3,3,5,0,0,1,52,37,0.5555201772504139,0.8717590391585013,0.3955983869190408,0.9867396022736626,0.2527291828564203,0.09810831883617366,0.011175844446072447,8,92,0.1873091159977589,0.8112252076037643,0.7707507258942364,0.8295653121027718,0.6848614945823234,0.04970085188113649,0.3855177036515969,0.7067700161368816,loadmodule,0.06397953
49.12012820466126,tcp,dhcp,SH,778446,172369,0,2,1,2,0,1,1,1,0,4,2,0,10,0,0,0,37,35,0.5885547956381809,0.43808130666618605,0.17669717116041161,0.5312420886403747,0.5533181344779904,0.13640304285340032,0.00276929694806205,11,86,0.6944109623281634,0.8063963640291868,0.6838617708999561,0.2636442664709473,0.858750024377906,0.8317985153854277,0.8141717023523862,0.3579550425150807,loadmodule,0.06397805
20.273420865577542,udp,dhcp,SH,390416,936946,0,0,4,4,3,1,6,0,0,3,2,0,2,0,1,0,98,17,0.9317848525982655,0.7133246543407555,0.8279251185813278,0.5290490004578084,0.9446094502322084,0.6627953561946305,0.41896370262154636,143,76,0.28844165419120615,0.23380681175900664,0.6457845923150491,0.2785331574049915,0.7900742975583992,0.6034740793266969,0.9223941663743911,0.2978129288605992,loadmodule,0.06394524
1.2029756962828042,tcp,http,SF,740081,73367,0,5,5,4,0,0,4,0,1,4,0,5,2,0,0,0,42,32,0.8041050586236002,0.9100976651331938,0.7312637994297957,0.5302315158348,0.5701569686245154,0.8386356475376363,0.6686086277431276,73,29,0.6314758552634817,0.030152782037412118,0.346339887861154,0.28683408321011883,0.10286779490957887,0.5382997205526726,0.9593552480936192,0.3607306426853216,loadmodule,0.06411781
43.499462371312624,udp,https,RSTO,760686,893578,0,3,8,3,3,0,3,1,0,4,1,1,1,0,1,1,40,22,0.9614931823488694,0.1398342521840099,0.18121141524753726,0.2889941361550208,0.5527484388446688,0.2226238744700767,0.9623857379958672,71,100,0.6982509288824204,0.4495740940733889,0.6048548003341127,0.7097139413654783,0.8690886972681166,0.6326106856409283,0.3105221225216085,0.9919737240140701,loadmodule,0.06379193
82.60826718555525,tcp,smtp,S0,792990,728065,0,3,7,3,1,1,1,1,1,0,2,3,4,0,0,1,16,40,0.9729478826496599,0.13720690059383567,0.16638885952984506,0.7721194786968987,0.24638582543933352,0.9089014196390459,0.8166742335259566,199,8,0.7606063905714749,0.8160902495400034,0.03342938090086067,0.46796395765734256,0.08501745453460496,0.28373267383438205,0.8774590360317791,0.30257631767751814,loadmodule,0.06389282
34.134687087583075,tcp,ssh,REJ,678850,784046,0,0,8,3,1,1,6,1,0,4,6,1,2,0,1,0,59,7,0.3185517247668205,0.4863833350263107,0.6623632500220071,0.5070830928217158,0.908761460941612,0.496338135528706,0.3519701540103428,158,74,0.22888889566825732,0.8320615464936099,0.4792400006820525,0.17586695482887038,0.13524659469734512,0.08843882692214833,0.9905813899179472,0.8179956861881863,mscan,0.063855454
4.976705163486395,udp,https,REJ,560033,923217,0,0,1,5,5,1,10,1,1,4,3,3,5,0,0,1,66,7,0.27961304185444247,0.7056690310617904,0.07705272018264131,0.535421826912039,0.8460445831211333,0.3491830252133442,0.0178311516560834,138,48,0.09387065976803255,0.8202201507398359,0.31383567868291395,0.24202207209841675,0.9955537651084526,0.10811095639224877,0.18020688992796852,0.6129055553282651,loadmodule,0.0638185
96.20396349898152,udp,ssh,OTH,388804,788047,0,0,3,5,3,0,0,0,1,2,8,3,2,0,1,1,54,16,0.10402278620353933,0.08859310087421612,0.5897884115681881,0.060163861066534485,0.8913003409449121,0.9357597500937856,0.9095116758786337,176,53,0.11044347897204465,0.4229623850042147,0.16241020534354733,0.8502745654113935,0.7535284875797483,0.2499989913233409,0.6417664710906661,0.3645505679686558,loadmodule,0.06379157
27.0948546880025,tcp,smtp,OTH,462084,4996,0,5,0,3,2,0,6,0,0,3,3,1,0,0,1,0,45,37,0.7864550167007902,0.08921232726553596,0.7545869861377896,0.06288166660325767,0.5244906037801321,0.2269265280948356,0.8628276980825366,84,61,0.8223461751540674,0.11855380163559182,0.24872429195759727,0.2828708136054018,0.7868534560891904,0.8249000465678067,0.5466880420996065,0.5805602829709068,loadmodule,0.06413741
5.091871379950163,tcp,other,RSTO,436241,454029,0,0,10,2,1,1,10,1,0,0,1,0,8,0,1,0,20,18,0.09006298887666553,0.33969107907089025,0.8513102829967126,0.7821210391002255,0.05642179707424311,0.6629764676876188,0.7927125434400923,122,11,0.36468804703125735,0.2938256348841658,0.701345748743028,0.1482867058311078,0.9005574084257718,0.08235061518008702,0.8336766698555417,0.6442672426586209,loadmodule,0.06413936
13.446750683601183,udp,ssh,REJ,128232,840503,0,2,2,5,2,1,1,1,0,4,3,5,6,0,1,1,41,32,0.7773992544026161,0.2761986724851403,0.5714799607922252,0.39145923114327474,0.1490097220052895,0.4049169808643943,0.36308739200995954,128,44,0.6050765636651368,0.07630826497512644,0.30715924891238044,0.6957705586263591,0.6237188809342962,0.19908630542649652,0.8106017710421711,0.40439202895180393,mscan,0.063636504
77.6518852137189,tcp,ssh,REJ,237015,230572,0,2,3,0,4,0,7,1,1,1,1,4,9,0,1,0,4,33,0.8061716816193837,0.22186388395955003,0.4484078345498802,0.44817657846908476,0.8438324353553546,0.9297011721603883,0.14315933297013295,172,34,0.7443590837873392,0.7427031034284246,0.30489500794719204,0.3490439533757881,0.6337240940904413,0.933054226721726,0.36030912776197543,0.6451006592644796,loadmodule,0.06377284
10.449322328990384,tcp,http,SH,376961,335377,0,1,5,2,4,1,3,0,1,0,3,0,7,0,0,0,93,35,0.34693205121877635,0.18645705534209778,0.8978280833315232,0.8681328112706739,0.5811574869411806,0.8252907421601959,0.8409613379263862,111,34,0.8450792375941153,0.43572394172521955,0.05994871984929828,0.3416633077694049,0.8199386418770716,0.39070917288086227,0.3310134995595354,0.34369772596518666,mscan,0.063972615
59.840913282571265,tcp,ftp,SH,902896,449894,0,1,9,1,1,0,1,1,0,2,10,0,5,0,0,1,89,14,0.7745723872820034,0.36564673032717254,0.5232173519931882,0.6516009715181006,0.5255172885748285,0.7754306846020844,0.8839403154732517,86,39,0.5027103075692156,0.3505992628747331,0.3076835722520427,0.8746618571585739,0.6557716476424503,0.2505640557057123,0.060784255749274485,0.80324693980538,portsweep,0.06378266
88.54317239809345,tcp,dns,OTH,271691,896136,0,2,2,5,3,1,5,0,0,2,7,1,9,0,1,1,84,18,0.9108441800018215,0.9688469196757131,0.4638927945365541,0.3081030509174121,0.1907562520168924,0.31857511004978,0.4252915804619043,31,98,0.10278626110256428,0.3075097963568234,0.03489210067488313,0.1142070107670684,0.20402843713263163,0.7149599728057464,0.15224139183847174,0.8703425205710068,loadmodule,0.064189754
42.092991371324075,udp,other,SF,508487,844011,0,1,3,0,5,1,10,1,1,1,2,1,5,0,1,0,8,36,0.7886292654561005,0.8660880543400408,0.2025267515604371,0.2800050007753121,0.5747795701746791,0.7426792256831792,0.232789310917089,18,84,0.3590990717161573,0.4639716932559441,0.9260083412923852,0.9303505139068259,0.14617544604603727,0.5466755916447309,0.7678699623239673,0.9346486954146384,mscan,0.063822106
50.92906311601383,tcp,dns,SF,756978,840455,0,2,9,0,2,1,1,0,1,5,9,4,7,0,1,0,92,9,0.7669168850811678,0.9525827718133666,0.21422837268803907,0.20938496992024158,0.07387711573502331,0.5046059161612323,0.688825464680093,200,75,0.2790330929885131,0.9272690430885167,0.5923656365221459,0.5616202876406832,0.7945303042681627,0.5635405238085532,0.2535771728199965,0.9493404036578511,loadmodule,0.06395931
12.544028809716279,udp,http,OTH,559081,604214,0,1,6,3,3,1,1,0,1,3,10,3,6,0,1,1,49,12,0.3657942177705795,0.05153726919791801,0.9581506738019007,0.7344421968351934,0.9860613278851607,0.37020330985907623,0.31413937466900455,122,43,0.5838214067248816,0.2236877283580404,0.9965936996306366,0.8005984095037075,0.9844697360634375,0.22467100010630303,0.80844423187463,0.5440746838827369,portsweep,0.06381222
31.724162436618407,udp,other,SH,526020,770546,0,1,6,1,2,0,5,0,0,1,2,0,0,0,0,0,51,9,0.7461019062218935,0.8546344301555834,0.19524548992554147,0.17866431183819864,0.05344182360074878,0.46218150974138805,0.48371286419241355,166,52,0.30798660151527113,0.20470224320602814,0.44227131996889624,0.3274700930093656,0.5098217193013154,0.3400053494640015,0.7025835629640738,0.6471068553417975,loadmodule,0.06377125
41.28663415363004,tcp,ssh,OTH,283027,202702,0,5,2,0,4,0,10,0,0,5,8,4,7,0,0,1,8,15,0.2980298442741047,0.8554881916571554,0.07971300809130644,0.13687405914953077,0.8586954923884951,0.6968111609366708,0.09932040002530995,8,82,0.1429204471633796,0.43326829120023347,0.019058824306701916,0.9162650281550003,0.3999684499854048,0.6789804299086952,0.17500948616212408,0.45144650221398164,loadmodule,0.06391561
77.42615003581638,udp,ftp,OTH,627116,262838,0,2,7,1,3,0,3,0,1,1,1,3,6,0,0,0,96,31,0.002136904051487365,0.23603714392182185,0.8249435301213994,0.47317202418923376,0.8382520427871475,0.9867573136196737,0.2806832108592565,179,28,0.742866168552535,0.18679509690211105,0.9277019863460199,0.9380068424055888,0.8930422558173889,0.1846238488317885,0.9804903609541418,0.809960242158484,loadmodule,0.06368681
55.917900252630496,tcp,ftp,REJ,498557,379693,0,2,0,2,4,0,4,0,1,0,10,3,2,0,0,0,60,42,0.4716541964725124,0.0583756560958707,0.9751911346850027,0.13254420251264587,0.2002004135562655,0.18786487671512808,0.6471941787206612,127,45,0.28859786350990624,0.5449344102828344,0.21956565374479997,0.00888479176969803,0.6146520173242391,0.29237365622559996,0.4043007290318914,0.7356374273445057,loadmodule,0.06406409
71.57785279548088,udp,smtp,OTH,968372,695154,0,0,3,0,0,1,2,1,1,3,0,0,8,0,1,1,9,46,0.46377489673686223,0.20075459582951338,0.24055349672386883,0.8705663542627676,0.05860275452244312,0.9262298444759758,0.6651294006384395,20,55,0.490315782743597,0.5347775245094646,0.9350590326463865,0.5576125925432472,0.746496453588949,0.45618970080269716,0.9216274475610873,0.5505806204679456,mscan,0.063906915
82.30259482168671,udp,ftp,SH,291807,328315,0,1,3,5,0,1,9,1,0,0,0,3,6,0,0,0,95,45,0.9516477759523925,0.09963778611951535,0.5402955746874908,0.28843330785063226,0.545118711912245,0.0056243420434316516,0.02577113701072209,127,28,0.7604450812944843,0.43636155188249703,0.19808599990505837,0.6348076754824636,0.339855612821938,0.32957680492755137,0.8580300380288659,0.07334585597669008,mscan,0.0637596
91.45797101891382,udp,other,RSTO,731386,463567,0,2,1,3,3,1,9,0,0,0,4,4,9,0,0,1,81,33,0.18728955456966379,0.7350383288380162,0.8533163065580749,0.9800684654995827,0.5793278448233043,0.41672479484972635,0.16082457215585588,51,59,0.0217602057531201,0.7772262307633699,0.5274942444127322,0.3139046084286802,0.5771313696203401,0.0796846471794157,0.6828768150135427,0.7937057619813727,mscan,0.06385631
39.997927142058224,tcp,ftp,SF,162658,619986,0,4,9,3,5,1,4,0,0,0,4,5,7,0,0,1,76,18,0.744012658214951,0.8628524969697899,0.29596041096319003,0.15468490115162115,0.24228883468842444,0.3978444060049744,0.949389193524511,107,93,0.1970409007333057,0.25055073783460113,0.4621239270789138,0.08069495826119,0.09749497893903325,0.8555466133822964,0.6040579332566158,0.30448588838573765,mscan,0.06391611
14.785187383785336,udp,other,SF,283124,546956,0,4,6,0,2,0,2,1,0,2,1,5,7,0,1,0,91,33,0.8059607158977681,0.749121935703289,0.030703871288323414,0.5410200276224111,0.8616258160144706,0.3186385101178083,0.22148757942205366,111,74,0.45044148414710883,0.37234203784481934,0.04682841065160459,0.8397379022417051,0.04582226395587663,0.30107448619524246,0.36731760418754567,0.0992202896594786,mscan,0.06381948
44.7603279855034,udp,smtp,RSTO,969555,920003,0,3,8,0,1,1,1,1,0,1,3,3,9,0,1,0,67,20,0.10326757516841678,0.7434550119637827,0.0058097796272994495,0.2557360077320041,0.1437405247931075,0.8143038104234996,0.40916877426264997,28,87,0.38749521619938687,0.9020480275554427,0.3966597727130008,0.4950168359721271,0.8174245032130202,0.2203839248530728,0.5012036908367243,0.2838033010782618,loadmodule,0.063643575
82.49715129617552,tcp,ftp,SF,694244,153385,0,1,7,0,0,0,10,0,1,2,2,0,3,0,0,0,25,11,0.6330067003557821,0.8583665869062816,0.3264982826397681,0.18545532906574225,0.5037744721026631,0.1959154867554761,0.6052517225043446,128,57,0.4860834385724574,0.46743540609916945,0.7519756328112283,0.7579733175208601,0.055312315235085174,0.9048384757063582,0.8072545538019897,0.7430413938743267,loadmodule,0.06400282
28.568906891366076,tcp,dns,RSTO,72427,633034,0,3,2,5,4,1,9,1,0,4,7,2,8,0,1,1,78,15,0.15777280570761476,0.5852297254542562,0.33659011142433626,0.6610128205947827,0.5909661375837529,0.8583336399680338,0.056855450066164104,60,67,0.47636202124493976,0.1437288144180089,0.4807783697809094,0.29133064679232834,0.9855711739871941,0.9309223625414783,0.955124912466084,0.9067290243016007,loadmodule,0.06416992
44.83895021606767,tcp,other,REJ,18849,553290,0,4,7,5,1,0,10,1,1,1,4,5,5,0,0,0,74,35,0.6534348668926929,0.15089194091073077,0.6148404411055172,0.45312665189248424,0.2973671386641682,0.10615906621180271,0.9488464789034903,78,98,0.5000343373920249,0.28813217701336546,0.24022170743118065,0.9383982202991512,0.7885322144595364,0.3011381455141229,0.2542039970615746,0.15234430292655032,loadmodule,0.06381014
15.708427499330424,tcp,smtp,RSTO,573291,904178,0,1,0,0,4,0,3,0,0,4,0,4,1,0,0,0,32,11,0.5714272723396668,0.37136811215216514,0.12103504445399882,0.5359883450928364,0.5264459361311695,0.8441346351394146,0.6748063342219888,187,29,0.4044747168533236,0.3941396757166282,0.21502546743686113,0.7414608886034628,0.00960360303381036,0.025394838768573846,0.563417877345553,0.7472203796165022,loadmodule,0.06381644
78.14146957316265,udp,ftp,RSTO,26188,709970,0,4,0,2,2,1,1,1,1,3,7,5,1,0,0,1,40,36,0.28484210341963867,0.5762301692716628,0.18412087174784386,0.4682382863539638,0.668977222820874,0.6617996871133205,0.6959400979723392,185,26,0.5533981031764279,0.33777071965557315,0.8051422033311507,0.36457171716797565,0.3223970159094337,0.9836905727090953,0.8603173529289428,0.9936350715880536,loadmodule,0.06360379
12.463555988340913,tcp,https,SF,792637,278082,0,4,7,3,3,0,1,1,1,4,5,3,2,0,0,1,81,32,0.8190336733525578,0.25520910083976245,0.36530402507248294,0.8574695985675248,0.5192935385571708,0.8521737791119265,0.9645313691974851,106,90,0.39507955325253197,0.5228236638342683,0.4604559204924822,0.6836506908812382,0.23712080547187464,0.9969340333421889,0.5998334633531951,0.7785274639576353,loadmodule,0.0638355
91.67239659644835,udp,smtp,RSTO,196358,424665,0,1,4,3,3,0,4,0,1,0,1,1,1,0,1,1,80,34,0.7192535077934884,0.23241933073554844,0.7003064009489752,0.15222323755958866,0.3844086413240272,0.3726612488450093,0.3071908524728011,117,16,0.09246270761982944,0.5783911266822656,0.23216313913715458,0.37674149865989537,0.4664094879506442,0.16021156950086857,0.9809597849674183,0.7333376535894406,loadmodule,0.0637984
84.73265434419426,tcp,http,RSTO,820050,48341,0,2,10,1,0,0,9,1,1,0,2,1,9,0,0,0,31,46,0.6223348525789459,0.38974793130180996,0.2291435955861023,0.6755586405991755,0.4959153144146523,0.46019675880759603,0.32182263476479156,59,74,0.04568106673521277,0.2456722564115621,0.6727230149181967,0.07301810216852556,0.013160688395892683,0.993425879140083,0.2651192298678091,0.7154041238413862,loadmodule,0.0641414
64.02629546781552,udp,other,RSTO,559736,457752,0,4,5,0,1,1,0,0,1,0,3,5,4,0,0,0,80,30,0.3737829042253966,0.7028384164954398,0.8555891526193679,0.6131556896243139,0.07167165803525788,0.28006957542449396,0.4831920906449617,16,18,0.19031262770888158,0.02212273559785638,0.1121097700920125,0.8432511902807627,0.6028807316244267,0.31944662334738383,0.4740481039178417,0.09634913416314772,loadmodule,0.063936934
33.49969340053308,tcp,dns,REJ,559917,398426,0,2,2,5,5,1,10,1,0,5,1,5,1,0,0,1,80,41,0.7643560298673121,0.7153207010100023,0.9789823423688382,0.09710605006456818,0.8376624319862687,0.8072418386775152,0.08793976872124909,189,89,0.7569434617768916,0.5159074320184249,0.8563790458999709,0.6215802217727704,0.9437605165748894,0.8957012262698493,0.5704446002880359,0.2789105837289556,loadmodule,0.06403633
21.938644372432805,tcp,ftp,OTH,153836,566768,0,0,5,1,2,0,8,1,1,5,5,0,2,0,0,1,22,4,0.4627967382274558,0.24456833862986604,0.5699799441826612,0.8866166958040015,0.569897719918299,0.6296674750530918,0.7164558314390771,52,58,0.07693690797966601,0.2332151935258,0.9837240907398,0.36816899863015684,0.9313730321024416,0.592046752676348,0.7190626333215479,0.7251248476873294,loadmodule,0.063880526
38.408447341373794,udp,dhcp,REJ,773644,226870,0,4,8,0,1,0,6,0,0,0,6,2,1,0,0,1,19,35,0.451792027242802,0.03521572184390198,0.45601944550575646,0.3935286580759598,0.7489693031627697,0.8793223176233204,0.4266221767672844,20,69,0.9754357203898115,0.5978919855938299,4.030486438166836e-05,0.09285799582950294,0.2571482481328232,0.45656689008154094,0.9502896176414176,0.7591682044681528,loadmodule,0.06405088
0.8696202185122903,tcp,dns,REJ,789351,290831,0,5,5,2,1,1,6,1,0,2,1,0,4,0,1,1,54,5,0.5197189032202622,0.0918420481741552,0.21500836331375106,0.13987775398763347,0.8054187615023198,0.053549826784818344,0.7062654129343067,36,5,0.5600306959194017,0.9201066211955262,0.3806640999926698,0.01878840238394386,0.21252050454213134,0.24890895409527236,0.988367704307587,0.06294957092185771,loadmodule,0.06405434
31.310551537939567,udp,ftp,S0,958969,477204,0,2,0,4,3,1,6,0,0,1,4,0,1,0,0,0,51,37,0.6759257039330222,0.609527090982758,0.1923661791404675,0.5643347216898364,0.8676267181865533,0.5847628416994194,0.8130407040025114,22,83,0.26894708117742905,0.4834256225161745,0.4915456282934362,0.34276766252883506,0.5249565102788977,0.5185780281862099,0.04815018850900987,0.19148986165264548,loadmodule,0.0639814
55.261258043292386,udp,ssh,S0,621983,405098,0,4,10,5,5,0,8,0,0,3,10,3,8,0,0,0,83,27,0.26053354695691366,0.3709647711133919,0.5600881817202636,0.9207736469223362,0.5900172317539074,0.8438739714753557,0.4466787686770377,108,39,0.8184263017238919,0.6284783341593845,0.6448358771251594,0.8818151365976049,0.27006185439161534,0.10575661769558631,0.8561712246568777,0.702177086300191,loadmodule,0.06378311
65.16897669794702,tcp,ftp,OTH,528694,918753,0,3,10,2,1,1,4,1,0,1,6,5,6,0,1,1,71,15,0.8029238074273559,0.17875471068242177,0.2148336190816268,0.40811412866583274,0.5753310040393913,0.24601205073153298,0.14874472193933552,191,28,0.9799884110261635,0.4754880489407025,0.5805976945524725,0.5811176981671247,0.6892124477154493,0.5822234315868908,0.3415342886194853,0.7594577670424091,portsweep,0.06379476
44.734901626848156,udp,https,REJ,211369,955008,0,3,8,1,5,0,3,0,0,3,6,0,0,0,1,1,90,50,0.27241859989196904,0.847539577267203,0.8470848994076391,0.8813168829630745,0.8516838992358607,0.6287136975955224,0.6378137094805174,68,53,0.1472410309833243,0.47435609132214573,0.6506570575998739,0.7511837586071275,0.3704044314062188,0.2780006025709949,0.7627736979372087,0.8630200127522557,loadmodule,0.06381426
34.28748165979905,udp,dhcp,RSTO,459019,361772,0,0,0,4,4,0,6,0,1,0,0,2,10,0,0,0,65,42,0.8978978064398796,0.68996675384965,0.2693201859263389,0.4155851710499521,0.4765453190547727,0.8922310608220815,0.8108948748518225,65,22,0.52430159129777,0.7964874065791272,0.7964793796559309,0.5599194766212047,0.4622305561907468,0.6795110569770683,0.4795077666965222,0.3467340848807513,loadmodule,0.063839786
42.00679292941053,tcp,dhcp,REJ,754039,342276,0,5,1,4,5,0,0,1,0,2,4,2,5,0,0,0,30,42,0.5188483041949471,0.816103879366943,0.9961767582773788,0.03685571495540796,0.6270508091212164,0.9776574857547333,0.24784081691684456,21,63,0.2367362146649703,0.9874212415802385,0.12713159767583126,0.3264067781794452,0.8665863917643953,0.954211699487129,0.8504647758611867,0.10032201538889907,loadmodule,0.06425412
91.91825141721478,udp,other,REJ,712891,319601,0,1,4,5,2,1,9,0,1,2,5,1,3,0,0,1,74,27,0.9530344035980908,0.9402018735415134,0.4266135261360282,0.582338228060716,0.48351883497889114,0.3163158421168075,0.690056156082542,34,3,0.33150710890740986,0.7863640297556971,0.6829478660097774,0.023445219784709592,0.13081501793448913,0.7996124879866786,0.9559870378340017,0.696960255030678,loadmodule,0.06399308
83.82925934351407,tcp,ftp,S0,659256,937080,0,2,10,5,1,0,10,0,1,2,9,4,5,0,0,0,40,33,0.8028043679615493,0.3284709852694434,0.37429144828062166,0.46928222495293315,0.4223969296894582,0.25401506206041835,0.6632524793205448,188,42,0.13731078705370892,0.8766088909356293,0.5996022527463708,0.8789953402900559,0.5264393650075777,0.23190076115276725,0.24857474348155328,0.7164879806971117,loadmodule,0.06388388
38.68515439773026,tcp,dns,S0,454716,561699,0,3,6,1,0,1,3,1,1,1,2,2,9,0,1,0,56,42,0.5331486931826551,0.6092766768700021,0.8804663068482942,0.017526559851828383,0.8183819157226913,0.4166472748197181,0.32246337170864503,154,28,0.7523031524707391,0.7178604462870299,0.9082792194692341,0.6814893517176305,0.9905754083968303,0.9324302600621791,0.685842278962548,0.08506072349562577,loadmodule,0.064212576
49.154316126842566,udp,https,RSTO,428313,95070,0,3,6,0,1,1,10,0,1,5,5,5,0,0,1,1,96,11,0.24358764298682611,0.822930171554826,0.7013949027917404,0.4222199536648613,0.3579309767657315,0.8473880383081797,0.9713500686780802,5,84,0.5583222602111368,0.39330250251528476,0.5120078277680682,0.8641824004799143,0.17876736991767173,0.5121508724147936,0.1662172458101785,0.4828683326010361,loadmodule,0.06362628
20.91499690591122,udp,other,SH,396248,355060,0,3,9,2,0,1,7,0,1,5,0,4,10,0,1,1,25,21,0.6783099412479389,0.5484331838958635,0.1436229275118316,0.3278155113540303,0.8780794209392503,0.4564419384191243,0.8417171521566563,112,1,0.8297096131584918,0.5777665329943861,0.4713537683092891,0.3675349232060776,0.7931252953450881,0.8296405353055333,0.08380108162219735,0.6197653519632884,mscan,0.06380571
45.8839238076234,tcp,https,SH,639573,145810,0,4,1,4,5,0,8,0,1,3,8,1,10,0,1,0,75,31,0.06493679223875193,0.21300096875513608,0.4890021392307199,0.2825628817146584,0.18005320724693608,0.4182551517007588,0.6396336086454023,7,4,0.2842870120259403,0.6500385890655416,0.6626090246704945,0.9371095841671637,0.056677640565966025,0.11134200347852918,0.41327154535026833,0.20084299375498849,loadmodule,0.06429473
51.63503837390072,udp,http,REJ,940009,197421,0,4,6,2,5,0,7,1,1,4,10,4,9,0,0,1,91,42,0.8204392937346162,0.8872391458401235,0.1416178856296958,0.5745282046644242,0.830712694484333,0.8900116937216297,0.5859123220405779,52,75,0.06610068399727032,0.34959064291486464,0.6053030853801586,0.22159621380055183,0.6249835496334903,0.3728839875889307,0.8676420144943576,0.9193132272554655,loadmodule,0.06382385
45.08959918928787,tcp,ftp,SH,790486,456161,0,4,4,4,0,1,4,1,1,4,3,2,0,0,0,1,71,10,0.7291910148725114,0.7990070956385228,0.23329062190570538,0.8888925356535626,0.028528293732703935,0.5042804247037034,0.9024701545700546,200,5,0.588098971119553,0.16653726014065373,0.6142503573214061,0.9594811129757161,0.004215413444675575,0.13974402553983323,0.3109629960726581,0.712247991215995,mscan,0.06382024
67.71628265835736,tcp,ssh,SH,600799,99914,0,5,1,3,4,1,2,1,1,5,5,1,0,0,1,0,27,4,0.9851812739618055,0.07464303874427425,0.6449494142762343,0.8770256889715051,0.48832161445939826,0.8635439960245114,0.4383627606299303,81,64,0.8657932652829857,0.2769697999789398,0.31787792677421334,0.7721156614798835,0.6395448680741599,0.3211021253457452,0.14603129594744768,0.9171167957182632,loadmodule,0.063893154
18.184611129247596,udp,http,SH,171757,412976,0,1,2,1,3,1,2,0,1,1,3,1,9,0,1,0,93,48,0.3256465773747823,0.040997302591165186,0.6052940843478639,0.03722252217190092,0.36236692680486127,0.41269449508508094,0.7812295755936058,28,92,0.6082990975424533,0.012083492693612863,0.6969728545869309,0.8581600715207041,0.3468050389345547,0.3447304712180087,0.25596013040195587,0.31757118370429094,loadmodule,0.06394595
65.80476365282485,udp,dhcp,RSTO,170257,784294,0,2,8,4,5,1,2,0,0,4,2,5,10,0,1,1,47,29,0.7253665779968436,0.5487522382554848,0.7188287512393383,0.8748082926883857,0.7846717878311547,0.8779118226011735,0.507285980037936,166,76,0.630325125535997,0.9290143774846394,0.4994136635085473,0.8677727262550925,0.4818550988596164,0.26374184253696153,0.7068325962651691,0.9018894672144946,mscan,0.063680425
78.21247698872415,tcp,ftp,SH,561531,846739,0,0,10,0,1,0,4,0,0,0,1,0,5,0,1,1,83,4,0.39182692617194637,0.7650347451623646,0.4289174893596658,0.1792408064765374,0.7329481553364223,0.6330579372106611,0.8382970857455957,164,15,0.1303898989524025,0.7344557213080397,0.09778323209681261,0.47329764989321266,0.5138753951175601,0.8956208338245107,0.2943342553414906,0.573812486553374,loadmodule,0.06399181
42.64043648067034,tcp,dhcp,OTH,140599,374452,0,1,6,1,1,0,8,0,0,5,5,0,0,0,1,0,42,4,0.45473788189075315,0.0824519548660233,0.6685582017518947,0.1641121539858006,0.7009098884690235,0.48259506510039274,0.7168543735955895,28,38,0.801028578619046,0.5596231185350472,0.33259279976214795,0.2297268348392214,0.7348210326561809,0.9218814628414591,0.8333686107602879,0.1785700285057723,loadmodule,0.06419361
20.47139736309821,udp,ftp,RSTO,273775,649903,0,4,0,2,5,0,2,1,0,1,9,5,1,0,1,1,93,38,0.3896704738116622,0.33627655071698026,0.14957239913816311,0.7797310004193068,0.7177481135568407,0.27501011051790614,0.5748923268806237,163,29,0.12527243636538177,0.5977591908494561,0.11167602101067142,0.7087986169943781,0.06464858380386829,0.20749903935866776,0.505225030986022,0.09005594641947823,portsweep,0.06357022
20.720469295247167,udp,other,S0,594495,59094,0,3,4,5,4,0,6,0,1,0,7,5,6,0,1,1,46,27,0.6763459824042417,0.31899485400119054,0.9412314851614288,0.5852184482414413,0.9116607897182936,0.4433026336831879,0.7350089122796272,117,42,0.17174698319419335,0.7217305637525187,0.9031186503842833,0.5653696627715769,0.00265388383740639,0.5330730967872771,0.6844243598069979,0.5281195785440033,neptune,0.0637999
43.59371254334218,udp,ftp,REJ,79131,754577,0,5,3,0,0,1,3,1,0,2,4,2,7,0,1,1,30,43,0.3245928288642712,0.37315989751809187,0.00667663958597009,0.9335460372601557,0.9582704011664559,0.28229339188405334,0.6248709678140639,192,57,0.9517872502156405,0.4727615682719337,0.21953564602633924,0.7811033328259717,0.6810571993584703,0.17944253843991664,0.935484932373901,0.48383950794215014,portsweep,0.06389209
52.67386306759363,tcp,dhcp,SH,911205,395153,0,4,8,4,0,0,10,0,1,2,0,4,8,0,1,0,15,3,0.23654057952384577,0.27556137881606224,0.1872552800938776,0.4087658188922435,0.6706045852438833,0.24761689631240036,0.8303623084432351,64,41,0.4538091140213911,0.013635962966420778,0.5608796780002937,0.8720194536299778,0.36335407743652215,0.6490377846877587,0.43983197898348503,0.9701135868726946,loadmodule,0.06399896
7.115233340849015,tcp,ssh,REJ,786369,441028,0,4,1,5,4,1,4,0,1,1,6,0,9,0,0,0,50,45,0.049115576774112935,0.9712365195602471,0.24255388499051456,0.2770596893343017,0.8932520433659022,0.5441189058168038,0.13430694524265596,72,37,0.8883590592113172,0.7598368171732028,0.31091491485535205,0.3630732362172473,0.21876899854418008,0.8088415473678228,0.68803849639154,0.2585013315281115,loadmodule,0.06412467
17.60020899309899,tcp,ftp,OTH,469159,66786,0,0,6,5,4,1,3,0,1,5,5,0,6,0,0,1,53,13,0.1306237123372337,0.19155570034544733,0.6228655739357806,0.47489276310354245,0.0010917812118969028,0.6469714356848347,0.6117286712423424,144,41,0.7235032849225516,0.3602928156757571,0.6041879240729142,0.6461973783688983,0.7066641765477335,0.2927749789045774,0.16742577615567789,0.2844735967214873,loadmodule,0.063804336
58.80988010211389,tcp,dns,S0,33552,86169,0,5,8,3,5,0,5,0,0,5,6,0,0,0,0,1,91,30,0.3238911075225521,0.7531825445907567,0.7379968226819901,0.19442144802987937,0.833700023098634,0.12769897463485225,0.4612982746962434,155,89,0.8837589202597719,0.44689842955128467,0.9606748895267251,0.2926330644590983,0.07892263171462821,0.88643331977588,0.9380114017736825,0.818311004420678,loadmodule,0.06424949
12.286627050078069,udp,ftp,S0,873117,927542,0,3,4,4,1,1,5,0,1,5,1,2,3,0,1,0,91,19,0.581635282408128,0.28404902905048,0.47394324175500024,0.6894611169204337,0.3650611252837733,0.6783514139452316,0.4786449000190348,116,72,0.9385431971126493,0.8939178047771315,0.7663737870941546,0.37573751805499567,0.6383881382140952,0.7901509141150773,0.7955762276764029,0.400455689205341,mscan,0.06371242
80.55898972308343,tcp,http,RSTO,677577,379037,0,0,8,3,0,0,3,0,0,2,4,4,10,0,1,1,83,42,0.5389824178955249,0.38543563624000476,0.4798064030105994,0.2146900963242191,0.7363963972242606,0.9486763669099726,0.9014855702966239,92,68,0.8888512624693898,0.7286433450061875,0.6266262930904599,0.8686701508364899,0.31352108917665755,0.008010032619860996,0.16294258814011142,0.7603824211439087,loadmodule,0.064033814
58.003083709652415,udp,other,SH,602841,12621,0,0,2,4,2,0,3,1,1,3,6,4,2,0,0,1,96,44,0.5005243049688426,0.49419867500041614,0.7027560347377972,0.1354857865624507,0.45852917714176,0.09557811458329102,0.7272329928116634,90,16,0.5880131977111343,0.8571573117011495,0.12695048976566903,0.85654278443838,0.5531401954019232,0.9082947165067317,0.5163673396414495,0.9422672406210439,loadmodule,0.06379148
54.47243037413775,udp,ftp,SF,574152,346981,0,4,10,3,3,0,3,0,1,2,3,4,4,0,1,0,34,7,0.7446119938601667,0.37563842424558036,0.8013005646625515,0.6874769222191024,0.7028651408407188,0.8440168584252844,0.4819868376915638,141,61,0.7804100438694291,0.8470676146192112,0.7772648074269531,0.23784741902939854,0.1817896633063799,0.10183399384716985,0.21662025358215697,0.5602582172982039,mscan,0.06371579
85.64210605694768,tcp,smtp,SH,901939,738725,0,3,6,5,2,0,6,1,1,1,0,1,2,0,1,0,4,18,0.48165708440410937,0.3922644908694164,0.3700147645150058,0.24798725236106056,0.7045683210509419,0.058258176118423655,0.002944678510121035,121,10,0.010351938458112997,0.20917157274816578,0.2312945929453687,0.14681715758128877,0.5537976399737659,0.7401153641624236,0.8418014071726109,0.6584313448893624,loadmodule,0.06388457
96.58450768120245,tcp,smtp,S0,895963,449302,0,2,10,3,4,0,2,0,1,5,9,2,7,0,1,1,41,33,0.7728995583443244,0.34859946049086565,0.5012629078851,0.725826141278641,0.5942513687803305,0.6913294350690087,0.9673124274331707,125,79,0.9236222794919348,0.4233536280132928,0.43113929337967916,0.05119451130960495,0.4042292310766731,0.26553485681228894,0.6338460473932818,0.014455455232782133,mscan,0.063907936
19.990931624849008,tcp,dns,S0,957223,630980,0,0,3,3,1,0,1,0,1,5,10,2,0,0,1,0,83,22,0.7751388324648425,0.9661242794916373,0.7155972440994748,0.8956433781147388,0.050003643799313435,0.25924938154884236,0.13562535557943178,127,22,0.3160171117205641,0.10607203585157254,0.977731487329599,0.05808828958573742,0.05967567576976307,0.7066287551275608,0.1811290377371313,0.7160162065451973,loadmodule,0.06430394
25.055069892295357,tcp,other,REJ,680154,761277,0,3,10,5,0,0,5,1,1,2,3,3,2,0,1,1,26,15,0.06273291633558453,0.6530037583519793,0.8359084290597559,0.13658929873122716,0.9774029056959973,0.03735091697589343,0.9373566267028475,57,77,0.15289275540949188,0.6340828966211829,0.26194044483586376,0.5330505321242277,0.5201769410919607,0.14674289678011554,0.32088138311690706,0.9135998058305871,mscan,0.06381767
49.32480543105251,udp,other,RSTO,914636,797328,0,4,0,1,4,0,4,1,0,5,0,3,0,0,1,1,89,29,0.2968222903948904,0.5127148649192684,0.040675370866323,0.22117302333116529,0.7706111540478989,0.6878638314467175,0.7973761308989192,144,65,0.8659339042924161,0.07395607827934436,0.44401950158784986,0.6924117216291378,0.9060429279652049,0.8992819178638858,0.7280203924910816,0.10563505608399992,loadmodule,0.06397071
1.8353446782432892,tcp,http,SH,708182,738383,0,1,0,5,0,1,1,0,1,2,3,1,1,0,1,0,12,45,0.41400768208319005,0.5976572062427701,0.045591210675852034,0.752507804870437,0.6000031885743992,0.6523432289078033,0.8337287046289004,142,35,0.9548370739964667,0.570752703976592,0.5841135750137737,0.339358498983945,0.6189613950269283,0.048523245035182905,0.8293839211374594,0.31449085005511734,mscan,0.06416401
78.91810247445972,tcp,smtp,OTH,775918,616066,0,2,5,0,0,0,2,0,1,2,6,5,10,0,0,1,21,49,0.1503381568395903,0.31448956207738643,0.6993219525948068,0.8349107048277,0.9859779083148851,0.4079991004339787,0.451561217667955,132,19,0.6354460673548844,0.7922938995587582,0.9934370795857742,0.6338936074429746,0.47063544270326785,0.4839576264036811,0.833396981318696,0.2892095243652588,loadmodule,0.0637422
4.32956710654876,udp,ftp,S0,461237,959412,0,1,0,0,4,0,8,0,1,2,9,0,10,0,1,1,59,10,0.18332638231549148,0.4818144781869228,0.12755074238652708,0.37509342208429763,0.5665074269812842,0.5338343333132272,0.2999882461465163,146,14,0.9056409202955432,0.45768177014468314,0.4631379080658139,0.03268011704176377,0.577171378291226,0.44712205714127085,0.7967697009384832,0.27769022917066044,loadmodule,0.06369433
33.616419466712955,udp,https,REJ,55992,469195,0,5,4,0,5,1,1,0,1,2,10,5,3,0,0,0,88,46,0.31443119618540893,0.11494545696090441,0.2329153766761456,0.4740789276401065,0.834402412682043,0.49806489345920724,0.8106519271060539,132,99,0.6907817223680004,0.5953450887091211,0.9926038648698763,0.7251710234266902,0.7578420168157657,0.5051215391133876,0.5318114026682731,0.5679374435076479,loadmodule,0.06370571
39.25428346007281,tcp,other,OTH,27517,972927,0,0,5,4,3,1,6,1,1,4,10,3,7,0,1,0,93,39,0.37444269788810725,0.32186073812591,0.6600861439900881,0.08335041252004538,0.1716410958796345,0.6341265612368999,0.198426295340567,34,58,0.9349209485670251,0.14420974649676277,0.3292018360805006,0.14066522214691135,0.6370141386880992,0.5460937211673548,0.5398707507446071,0.5464253050236202,mscan,0.06391641
9.867475798964865,udp,dns,SF,92058,235911,0,4,7,1,3,0,8,0,1,2,0,5,7,0,1,0,25,41,0.5214170846169905,0.43537666364889327,0.5009289988152016,0.7572498791181304,0.34524303089788344,0.9062446387677803,0.7729390719686388,139,72,0.2279503581152953,0.7451432814024688,0.5577555932517122,0.7424522819528716,0.7432459262712596,0.49089691237339983,0.6369876608625966,0.8435624046514608,mscan,0.06386475
11.024453943038559,tcp,https,S0,956496,703500,0,0,3,3,2,0,10,0,0,5,9,1,0,0,0,1,18,50,0.28131758276522345,0.6331595226647646,0.6504210609413131,0.0643374028298852,0.7299201609002413,0.41835736945136437,0.40427058306609154,169,71,0.17870293516233893,0.5776410021930357,0.8341687833675053,0.13667184607877225,0.06364337670152731,0.6806314303174923,0.4038863932780773,0.8788748078171126,loadmodule,0.06424282
81.73769283921094,udp,https,REJ,743596,938764,0,2,10,5,5,1,4,0,0,4,4,2,7,0,0,1,95,20,0.43206590483876917,0.816180334392689,0.14115189197034184,0.9345070600708921,0.7508295468173014,0.8809387951187712,0.050335697976790716,138,15,0.2086562607935627,0.3405512885207732,0.19677788303314225,0.2567930199174525,0.5715100916184118,0.05712523803780001,0.04549656242216482,0.8035582487882521,loadmodule,0.06393963
32.64002791162375,tcp,https,OTH,665837,912783,0,5,5,0,5,1,2,0,0,5,6,3,10,0,1,1,68,41,0.8041653572811402,0.06634097993398547,0.12897056735951618,0.7284752525473895,0.8326267276371535,0.42261933334084856,0.4250250373644595,63,76,0.4825334584468629,0.44017102459726054,0.17082697604287256,0.08536718335734272,0.6071428385341134,0.7524420490207697,0.9566226636731426,0.007303351177401218,loadmodule,0.063965306
32.77174721873655,udp,other,RSTO,675167,646704,0,4,9,2,4,0,0,0,1,5,1,0,4,0,1,0,20,50,0.935415396990205,0.2099763995477003,0.9101989263929136,0.20473861366341572,0.6896427911548665,0.4516496339153785,0.49598060011055045,49,76,0.855402805912415,0.27949791335743324,0.26897282971462466,0.46627574420005025,0.8522829445554906,0.2529984104461158,0.5367252437981608,0.9789450692915715,loadmodule,0.063924976
6.933129067458466,tcp,other,S0,463382,992665,0,0,8,5,4,0,0,0,1,4,8,2,4,0,1,1,29,31,0.6267346808853655,0.8018173729998775,0.9133119282935123,0.4138537902292292,0.8338034388454156,0.7264737876690798,0.8188633424317288,86,33,0.4449985075402594,0.6238830760536216,0.1677620543247934,0.11169107701507741,0.9001794403214979,0.11392617248795656,0.31976138713397195,0.5622707786417628,loadmodule,0.06411874
87.85851035204699,udp,dhcp,REJ,328100,98216,0,0,1,4,3,0,9,0,1,4,7,2,8,0,0,0,100,29,0.01737636839773704,0.9472489292021751,0.14689088815697027,0.41690048195584495,0.34324575828469406,0.2248863604175676,0.6072597387748794,138,71,0.4888707816979635,0.9448516155702857,0.429470256029606,0.9012708336293144,0.8978471321923761,0.6075900914359706,0.635511057478147,0.7518379048518881,loadmodule,0.06415487
86.14507566982924,udp,dns,S0,895459,723898,0,1,3,5,5,0,10,1,0,0,2,0,0,0,0,1,99,32,0.1019932204575611,0.6987833184868018,0.6674151541751809,0.5592654676299926,0.9960044775062818,0.7113703896397755,0.31066298646510604,155,18,0.9015773656655153,0.8499653502693651,0.34498010667737034,0.09336153678406611,0.8838029566150949,0.36981531078601515,0.9529300051618075,0.7948509738735959,loadmodule,0.06388553
46.6312895475699,udp,ssh,OTH,828842,785863,0,4,3,4,5,0,8,0,0,5,4,2,3,0,1,1,70,48,0.03330455338839122,0.41037551177451514,0.97873760951085,0.39345397943012095,0.46555987595165516,0.6168332725658966,0.6641950684758816,71,10,0.5881990244527107,0.6119552349888825,0.620146741495476,0.6702272571573388,0.4206508676699684,0.9424376981318648,0.6355220455514005,0.7031353488558582,loadmodule,0.06388107
63.81974685882113,udp,ftp,SF,672176,248874,0,4,8,4,3,0,3,1,1,4,9,3,2,0,1,0,45,25,0.3376447394866454,0.5310187008304935,0.327882592471624,0.8038854094302839,0.07928323145058613,0.9386557217408356,0.6533311138839096,5,58,0.5918169424095084,0.9096432937692062,0.2418999442752422,0.7818271351371799,0.4003468737609326,0.1995173005729839,0.9885041766276705,0.5081320917266116,loadmodule,0.06373401
90.51355611051542,tcp,ftp,SH,292503,537548,0,2,1,0,1,0,0,0,1,5,7,2,10,0,0,0,62,24,0.044747672052964815,0.7177253289999623,0.7647334764793858,0.4830692150171043,0.3115122595565426,0.0433548322413192,0.9703739814064491,90,25,0.8796405827057521,0.15654683892770105,0.7955848685754174,0.37899830059956896,0.10963757750476177,0.43813800240343725,0.0368790539235232,0.36727724075217616,loadmodule,0.06398586
71.75977628195878,tcp,other,SF,121848,866655,0,5,1,1,0,0,9,0,1,1,7,5,2,0,0,0,29,49,0.6309893462962592,0.07581064452074682,0.5193711651892813,0.4725633704697063,0.3389896161210467,0.32888828490231203,0.674630240588247,50,95,0.457571724007071,0.7019850735559642,0.9669547089057599,0.6715314923434361,0.7576150033198983,0.24629358960580494,0.5004304449624457,0.9846632947089327,loadmodule,0.06387133
51.08051699989499,tcp,other,S0,917719,415508,0,3,3,0,2,1,8,1,1,4,6,5,9,0,1,0,97,49,0.6051749106148905,0.42695130965401673,0.5198446093247167,0.8790160867525216,0.5668303079371402,0.27719686473713934,0.33319917050753856,188,45,0.8325014494396902,0.08436798279352209,0.29114043772618103,0.04466247844882931,0.7692823968386664,0.45534448491481294,0.6499588956341747,0.532995173608974,loadmodule,0.063976415
25.389772765259387,udp,other,OTH,799145,742381,0,0,10,0,5,1,4,1,1,0,10,2,6,0,0,1,30,30,0.28623198904479585,0.3490459816595074,0.11742438837654023,0.9373597487266885,0.7755308281674093,0.7097946366560381,0.7423826426052524,160,76,0.6049861241338728,0.0933152586106003,0.1212489893992934,0.7863702930532249,0.4371596164673899,0.14348347487803714,0.8634083387879667,0.1894584627804523,mscan,0.063743465
58.99768660354032,tcp,other,OTH,169336,937048,0,4,9,4,4,1,2,0,1,1,1,4,4,0,1,0,23,18,0.4726147994362194,0.7518182459309197,0.6542825595350603,0.5979503448494352,0.5260225159633126,0.5325828120348093,0.42294674107247954,140,97,0.2085309361342257,0.9031080832930337,0.06158520626100139,0.10209556688097421,0.9358796612096213,0.3111291641819114,0.5094127479700203,0.8439959644274542,loadmodule,0.063953035
9.020878161372824,tcp,dns,RSTO,299926,426875,0,3,5,3,3,1,4,0,1,4,9,5,1,0,1,1,85,1,0.7705144249756435,0.5912275601057689,0.6657106106644665,0.5479616289482097,0.7819427583535402,0.7024640269474278,0.7347042759542599,79,12,0.41851862539249285,0.4925592799894497,0.11272910732540087,0.22636386106894912,0.6618960028696806,0.4930763523058178,0.7103535101440004,0.26924134708286074,loadmodule,0.0636961
75.38800401777671,tcp,dhcp,S0,689382,10895,0,5,1,3,2,1,9,0,1,1,3,2,3,0,0,0,50,12,0.38330817776142545,0.7808599486645944,0.08585296239157392,0.599807150193403,0.9616691184562581,0.11885031480941133,0.5680551567912011,186,93,0.26691754059376127,0.3970542922397754,0.6757291717775362,0.8336569554716542,0.6810316595089316,0.9329354228736786,0.03556662103621244,0.5325152779918001,loadmodule,0.06414978
82.84827784596527,udp,other,SF,387030,142958,0,5,2,5,0,1,10,0,1,3,1,4,8,0,1,0,33,24,0.9500462126508746,0.6715898440390023,0.678240976473233,0.28416568646414353,0.033381096542802635,0.28665377772418965,0.4113912521927894,95,56,0.32881512109053457,0.8099304325183275,0.9367578907134837,0.2238910772095376,0.7333141369940931,0.6540061490178339,0.6979712048485726,0.7176157687436793,loadmodule,0.06386639
3.781118968031716,tcp,smtp,SH,996970,578991,0,3,6,4,1,0,8,0,1,4,2,5,3,0,0,1,12,46,0.0026740714616761974,0.29912539689306783,0.6028396133479725,0.022441431924143274,0.7367526105269114,0.9575363107712465,0.17580390480952124,188,45,0.9677362116963493,0.010792807000687299,0.7488591126451267,0.4960904550219286,0.8916397057919896,0.2525191582001005,0.8029799998248217,0.0301943001407301,mscan,0.063947715
8.684757103653906,tcp,http,OTH,428981,59854,0,5,0,1,4,0,4,0,1,3,9,0,4,0,0,1,99,45,0.4838588130882614,0.6897082923836478,0.6081349282335387,0.4561296470521241,0.24085780781079458,0.41006778056651794,0.320168169722611,21,52,0.6513479015910293,0.3201144715249571,0.21618984304040856,0.1659003735414658,0.805562097232277,0.6026724271488572,0.3837708678465772,0.4742032774654401,loadmodule,0.063933805
72.23983202754722,udp,http,SF,712378,376811,0,3,6,3,3,0,9,1,1,0,9,4,3,0,0,1,96,12,0.6741836591970093,0.04266504514801861,0.05673574200074505,0.9200095730814234,0.07461207101885892,0.660920711662426,0.8090213479244466,138,29,0.8056322356391197,0.7075578272308668,0.4383843102656302,0.816104352816998,0.7976945992789036,0.26629339705063604,0.4870539788014283,0.19450527949442598,mscan,0.063794315
35.37694924688897,udp,http,RSTO,782006,104697,0,3,10,5,3,1,0,1,1,4,10,1,0,0,0,1,66,46,0.07141549123936586,0.6732925850816106,0.13534456459727107,0.007974348354024108,0.6202471304377478,0.5202450572576144,0.942620847797774,67,59,0.6861041474346352,0.40528903200305144,0.26896523608404066,0.02379140822228576,0.2664857154397704,0.44923483977667233,0.45825177737860556,0.5141322313560228,loadmodule,0.06383712
85.3778792382456,tcp,smtp,SH,648026,5601,0,5,1,4,5,0,8,1,1,4,7,4,6,0,0,0,61,45,0.43712524512080364,0.5981965238299777,0.31962729628793196,0.4622744290524434,0.014417167997094471,0.885044349530601,0.5433566929910345,176,49,0.5718385779162037,0.5124560531581344,0.4313085033386832,0.14441945838826808,0.8313804385104839,0.10222072413715055,0.6677792587932218,0.801153699820739,loadmodule,0.06375921
89.6425168227391,tcp,other,SH,253188,164416,0,5,3,5,4,1,6,0,1,2,5,3,10,0,0,0,68,12,0.5123582945427094,0.9779677983442993,0.4910291591570106,0.8612881812082608,0.4544504866682664,0.8721707299989713,0.4281258157665466,133,44,0.09608174520462431,0.7241772039556067,0.47080459272267916,0.9247028302587025,0.5059368393855987,0.13265237730758384,0.8862965501840836,0.43797649841489095,loadmodule,0.06388908
86.05650236525292,tcp,ssh,RSTO,238079,636104,0,1,9,2,0,0,5,0,0,5,1,4,0,0,0,1,17,45,0.004005849086615387,0.8675094158960716,0.9652893832866837,0.38368426005233514,0.5358783908703858,0.6959309316258686,0.5337050798220276,152,59,0.17536778590804458,0.050233783255347775,0.0866098200619474,0.4817627898291189,0.27025614085121485,0.47008664168658465,0.7436686074181936,0.17671106575319417,loadmodule,0.064097136
66.87673398659236,tcp,https,REJ,245551,321810,0,5,4,5,2,0,8,1,0,2,6,5,3,0,0,0,60,45,0.3360930064185831,0.28744384028699477,0.23147436253647935,0.5658658060508346,0.21948350628559488,0.7866767276944214,0.5905949639130245,178,49,0.14710043709242437,0.9860342427669705,0.5551689404549359,0.6903155113027835,0.4063798037077905,0.09425512708909878,0.8869759480066443,0.9587764843056574,loadmodule,0.06380772
85.58039045176578,udp,smtp,RSTO,444959,824408,0,1,3,4,1,0,2,0,1,4,7,1,10,0,1,0,93,46,0.4593498960635719,0.0805266496694248,0.31893389152460605,0.5967404394054451,0.9086954803903354,0.34057345877590195,0.17953782000922525,69,48,0.30512194469132614,0.5678339832722274,0.43946918997189366,0.2514803547292872,0.2830204936925558,0.152796963557563,0.9927445862457209,0.02383957718067753,mscan,0.06370852
91.32257567730196,tcp,smtp,SF,768114,605894,0,1,9,3,2,1,9,1,1,3,6,0,8,0,0,0,41,29,0.9578495672525265,0.8955750897257589,0.4543055115617909,0.7573000974475677,0.6876860818235533,0.7930996870870387,0.14517984589514843,188,79,0.8873849780706381,0.11253273699333799,0.8340028500319835,0.8658676499908651,0.7454234406574242,0.6340467107996455,0.9161739469567286,0.14397562366098293,loadmodule,0.063970886
83.9979300155662,tcp,dns,SH,983080,320033,0,1,9,4,0,0,2,1,1,3,0,5,3,0,0,0,50,35,0.3258133341901739,0.39373561126374024,0.5734765661870536,0.9919570504115623,0.8629821478942955,0.7255956767889403,0.9450789551607623,92,37,0.6139001445365542,0.48721129511383654,0.036393823046048546,0.328235651327043,0.3146904443875269,0.5299509667504825,0.9441642138748239,0.973518096955081,loadmodule,0.06398164
19.689863581359557,udp,https,RSTO,591630,717868,0,5,1,4,5,0,5,0,1,3,9,0,1,0,0,0,25,45,0.7743743279387875,0.1741147194635807,0.3271579834459487,0.812922876415284,0.6854522663636172,0.44888683701375487,0.24480560300364074,59,48,0.7642357583417125,0.2748345727066266,0.24221842441941732,0.6492575293727918,0.7377191841420416,0.0558175389490122,0.12481407199368011,0.7203728990041228,mscan,0.06374723
6.263021616239284,udp,other,SH,540577,199194,0,1,9,2,5,1,1,0,1,3,1,5,5,0,0,1,76,18,0.9833801399957877,0.8906116328053015,0.7988044775670072,0.7121828628858767,0.6141514800540862,0.44822020119132233,0.7872711441753976,147,82,0.4819480806470473,0.46401685564509654,0.11513095955860442,0.32394330450689657,0.7716506798495649,0.10698050472757714,0.9576166647401134,0.05482189059327147,loadmodule,0.06377133
91.49584254119485,tcp,other,OTH,820957,976353,0,5,0,1,5,1,6,0,1,5,0,5,7,0,0,0,4,23,0.3363902786258465,0.7854592987928504,0.9804329320631457,0.6604041553194578,0.6841905623555092,0.7159249256734177,0.4008689351085589,126,99,0.32623019911700113,0.5339510517909438,0.6556837265545578,0.12134000140817935,0.5358392771647789,0.911572491217716,0.6738107769252472,0.37682805150761944,loadmodule,0.06390966
78.23013731065555,udp,smtp,SF,884464,611710,0,5,4,4,1,0,2,1,1,2,8,5,4,0,1,1,48,19,0.905907117274209,0.9902440535204384,0.8613305757536314,0.15063360117224667,0.22908098887189288,0.3583662721353056,0.3597497193561695,126,84,0.8319857278042802,0.32060078372997525,0.5244208616924085,0.9604657654489661,0.16777918388222424,0.9452775375671254,0.05521150226387639,0.045320061631276665,loadmodule,0.06392038
58.48340609144245,udp,https,SH,119578,957586,0,1,1,3,5,0,2,1,1,3,9,5,7,0,1,0,18,40,0.9204290112943821,0.8863595982741567,0.647573867620891,0.013904334252493267,0.46430212109699454,0.3147518225695207,0.5651671784582535,112,11,0.8126522692604236,0.3810674493312255,0.8986534341628726,0.5537774108260896,0.21719325328979922,0.7218414736174992,0.10113391513575032,0.672682595473885,loadmodule,0.06376138
16.825380150700507,tcp,https,RSTO,967631,623092,0,5,10,1,1,1,9,1,1,4,0,1,9,0,0,1,7,42,0.9489122111880668,0.3033527961877608,0.703872889448867,0.04504053981365941,0.8545741320383231,0.06472382859986558,0.3630458918510687,174,6,0.2316020917713808,0.21213509116031481,0.7157345845644993,0.2585338951816313,0.41395923693500125,0.7033304187012782,0.035740473531347794,0.8083454855189288,loadmodule,0.06398042
41.3320484255315,tcp,http,OTH,884491,789653,0,2,6,2,5,1,4,0,1,0,8,2,2,0,1,0,94,24,0.35168860086252585,0.8092605961971285,0.2514537961015326,0.239819966643966,0.0882089050030681,0.3344965651331975,0.43634917848727994,38,81,0.8143214599911902,0.5795756887592822,0.22982906845819417,0.5713900510383365,0.4697223619266253,0.4371917750501795,0.70944220641715,0.04579386556416254,loadmodule,0.064005636
23.06953329065585,udp,https,OTH,707417,228811,0,1,7,5,3,0,1,0,1,2,2,3,10,0,0,1,8,28,0.6774001737770428,0.3823337206481008,0.09593076542322254,0.17423674882682205,0.685866906477065,0.08132990347999347,0.032972325181854,91,75,0.5777352397465854,0.7998153541357201,0.6310493515700005,0.5034498995267167,0.2820796705076417,0.18000300741362074,0.7446788794668562,0.37544355779858174,loadmodule,0.06361837
80.56590069379385,tcp,https,SF,26067,40630,0,5,9,1,1,1,7,1,0,2,10,4,8,0,1,1,18,46,0.021904066857211357,0.40482249369522694,0.01764457960764987,0.9179803997660081,0.608651563040793,0.48395516546561235,0.39102177935350424,192,2,0.7173681695847223,0.29010804571389215,0.6335502712616778,0.6997882558751081,0.4765367886407541,0.1658926634903639,0.0731094201956849,0.483889228184208,mscan,0.064014845
25.399774185446045,udp,ftp,RSTO,651772,618143,0,3,0,3,3,1,4,1,0,3,2,4,8,0,0,1,96,49,0.9195435107400213,0.8964116197574447,0.9155920969708098,0.8350840070991964,0.4172095443625109,0.7760704161105539,0.4790879120145689,127,38,0.4514652950154353,0.9781488956174524,0.890394214422867,0.658915323124193,0.901982719158549,0.5832665645884646,0.42020713240891616,0.3413139080929103,loadmodule,0.06381553
27.466081516630915,udp,ftp,SF,980893,300185,0,4,2,4,4,0,9,1,1,0,4,1,3,0,1,0,6,50,0.2571981610757552,0.10617232205325577,0.573776090744298,0.4778597300039693,0.4911142815615197,0.4845579743163194,0.43384979058553075,154,22,0.874384751616762,0.707727661213477,0.9386586843082009,0.3408512417941312,0.044596868126847045,0.12935284751536313,0.3164080809105392,0.38934844553850034,mscan,0.063679695
67.69215612837128,tcp,smtp,RSTO,233193,595180,0,3,10,2,4,1,6,0,1,3,7,2,4,0,0,0,10,28,0.1178547635411884,0.3199131364269938,0.7776088650613888,0.40974497711477265,0.690162535762507,0.4585999284761275,0.8193410469114211,163,85,0.6119500158865634,0.9517385233593724,0.48272361845390865,0.5684706199902014,0.6662220397914507,0.48599947675818334,0.7002175854978705,0.5042453368784879,loadmodule,0.06379873
99.15393193913769,udp,ftp,SH,525895,885083,0,3,0,3,3,0,8,0,1,3,9,0,2,0,1,0,56,26,0.9390574661889538,0.2438556817465818,0.9434654651330984,0.9283438258755362,0.692830540494962,0.44383214406477545,0.1310282138071457,92,66,0.662155060496921,0.32551451452838687,0.09684633850329194,0.5940358499020126,0.4422670146597437,0.36486796543121514,0.9292882111318332,0.6561764892461255,loadmodule,0.06410994
62.328916731812846,tcp,smtp,RSTO,822912,939070,0,3,7,0,5,1,6,0,0,4,6,1,10,0,0,0,21,23,0.5880720953308103,0.3974074562815879,0.021077064710087856,0.676408831617349,0.5143304223914102,0.3219817095215768,0.3583552496339776,107,52,0.24018777486606835,0.029405887850648238,0.24782597813175944,0.6400455586575321,0.995024666811035,0.19112127242820132,0.4227658442318025,0.06500881308216722,loadmodule,0.06400142
11.664784853487243,tcp,other,SF,284951,357999,0,0,6,0,3,0,1,0,1,0,7,5,6,0,0,0,64,3,0.354851261424718,0.27635141030034727,0.8590592699384225,0.8377169779496495,0.3502993132216363,0.20783393817761586,0.5405067226184819,67,44,0.6216514416612089,0.25650145533472435,0.21525624794889242,0.028114621535407336,0.3394404737176635,0.6770116037404922,0.25965808936606805,0.4976435559812733,loadmodule,0.06386889
99.70270490541893,udp,dns,SF,407411,917843,0,5,0,3,4,1,6,0,0,1,0,3,3,0,0,0,45,38,0.2525796560733564,0.7602509736077767,0.5072805973020589,0.8764205609995237,0.7171599178080885,0.477041633081725,0.48166688495704113,138,39,0.3376496416035971,0.5230168473383081,0.06380389019229915,0.22452311458936258,0.6616387042616806,0.46373987087832835,0.41752495883808116,0.6093448784116237,mscan,0.06407297
35.817829845362816,udp,other,REJ,221721,898105,0,4,9,1,1,1,8,1,1,3,6,3,10,0,0,0,24,21,0.39994932812412887,0.9936716441411552,0.42548432306257067,0.7648065852387378,0.732824894051699,0.25541864520866975,0.8363395254403225,10,62,0.948259690963446,0.02828499056841627,0.683297284748325,0.1728439034022341,0.8382598551377224,0.39137388573657206,0.35759113052459124,0.10741603841215708,loadmodule,0.063761085
20.739763404758595,tcp,smtp,S0,740811,678270,0,3,5,3,5,0,1,1,0,1,1,0,0,0,0,0,10,3,0.3327516732051786,0.3708595750371607,0.6832401139110086,0.6122313687043686,0.2675187014211121,0.2600135704804537,0.37537718782744456,177,24,0.08358324414452922,0.9144381283773636,0.4982576730123488,0.5117005621141874,0.7243267255826279,0.8447640712238674,0.6094333758552174,0.08296092607269479,loadmodule,0.06419136
73.32776623023297,tcp,other,RSTO,748919,144041,0,3,7,4,4,1,0,0,0,4,0,2,7,0,1,0,46,46,0.568638479837043,0.44980490708881804,0.9673821488077469,0.15683388576259172,0.08509733022292842,0.4770623725900912,0.1562100796585597,148,47,0.5040294895894899,0.6233188107886505,0.684893839909475,0.31748009722577286,0.3808071526185991,0.5670535946211609,0.5291672805349452,0.23307502795881108,loadmodule,0.063848
83.37154939798997,udp,http,OTH,372727,774427,0,2,8,1,0,0,10,0,0,1,3,3,4,0,1,1,12,3,0.38642445391616154,0.8627613584427384,0.07731667488190164,0.4446284497098776,0.6924233345139038,0.7502783454465871,0.7350640506472388,77,94,0.7389929388963237,0.26925846007749454,0.7680189354649635,0.02266846268353717,0.08230999503792358,0.23705339813573745,0.5603390873872846,0.3250929855010438,loadmodule,0.063689314
34.950006061838465,tcp,dhcp,OTH,839659,243360,0,3,8,4,3,1,1,1,0,2,9,4,2,0,1,1,18,38,0.43649847146646126,0.5022570007407446,0.7232432958736146,0.9176219662480982,0.20611434028310838,0.9211209409326344,0.8630695251227428,167,98,0.5809822599083747,0.6935983898610356,0.7090756780655694,0.029352514072151226,0.09427112833693507,0.35720823879977426,0.7611271310147949,0.33894099661789856,mscan,0.06376325
